"Site","LUtype","Chamber","SampleDate","StartTime","RowInter","AirTmpStart","AirTmpEnd","SoilTmpEnd","SoilMoisPercent","NO3","NH4","NetNMin","NetNNitr","DOC","DaysPostNFert","FertPlant","color.use","LUname","SampleDate2","easysitename"
"F2","F","A","2013.06.13","","",NA,NA,NA,0.166119893,NA,NA,NA,NA,NA,NA,"","darkgreen","Forest",2013-06-13,"F2_2013.06.13"
"F2","F","B","2013.06.13","","",NA,NA,NA,0.177510104,NA,NA,NA,NA,NA,NA,"","darkgreen","Forest",2013-06-13,"F2_2013.06.13"
"F2","F","C","2013.06.13","","",NA,NA,NA,0.167802832,NA,NA,NA,NA,NA,NA,"","darkgreen","Forest",2013-06-13,"F2_2013.06.13"
"F2","F","D","2013.06.13","","",NA,NA,NA,0.188444248,NA,NA,NA,NA,NA,NA,"","darkgreen","Forest",2013-06-13,"F2_2013.06.13"
"F2","F","E","2013.06.13","","",NA,NA,NA,0.169279481,NA,NA,NA,NA,NA,NA,"","darkgreen","Forest",2013-06-13,"F2_2013.06.13"
"S1","S","A","2013.06.13","","",NA,NA,NA,0.110695041,NA,NA,NA,NA,NA,NA,"","darkblue","Soya SC",2013-06-13,"S1_2013.06.13"
"S1","S","B","2013.06.13","","",NA,NA,NA,0.103814497,NA,NA,NA,NA,NA,NA,"","darkblue","Soya SC",2013-06-13,"S1_2013.06.13"
"S1","S","C","2013.06.13","","",NA,NA,NA,0.095374297,NA,NA,NA,NA,NA,NA,"","darkblue","Soya SC",2013-06-13,"S1_2013.06.13"
"S1","S","D","2013.06.13","","",NA,NA,NA,0.128125286,NA,NA,NA,NA,NA,NA,"","darkblue","Soya SC",2013-06-13,"S1_2013.06.13"
"S1","S","E","2013.06.13","","",NA,NA,NA,0.085002313,NA,NA,NA,NA,NA,NA,"","darkblue","Soya SC",2013-06-13,"S1_2013.06.13"
"F3","F","A","2013.06.14","","",NA,NA,NA,0.180891919,NA,NA,NA,NA,NA,NA,"","darkgreen","Forest",2013-06-14,"F3_2013.06.14"
"F3","F","B","2013.06.14","","",NA,NA,NA,0.185487126,NA,NA,NA,NA,NA,NA,"","darkgreen","Forest",2013-06-14,"F3_2013.06.14"
"F3","F","C","2013.06.14","","",NA,NA,NA,0.174680019,NA,NA,NA,NA,NA,NA,"","darkgreen","Forest",2013-06-14,"F3_2013.06.14"
"F3","F","D","2013.06.14","","",NA,NA,NA,0.171638176,NA,NA,NA,NA,NA,NA,"","darkgreen","Forest",2013-06-14,"F3_2013.06.14"
"F3","F","E","2013.06.14","","",NA,NA,NA,0.160272681,NA,NA,NA,NA,NA,NA,"","darkgreen","Forest",2013-06-14,"F3_2013.06.14"
"M1","M","A","2013.06.14","","",NA,NA,NA,0.137909451,NA,NA,NA,NA,NA,NA,"","darkorange","Soya/Maize DC",2013-06-14,"M1_2013.06.14"
"M1","M","B","2013.06.14","","",NA,NA,NA,0.189152488,NA,NA,NA,NA,NA,NA,"","darkorange","Soya/Maize DC",2013-06-14,"M1_2013.06.14"
"M1","M","C","2013.06.14","","",NA,NA,NA,0.158936003,NA,NA,NA,NA,NA,NA,"","darkorange","Soya/Maize DC",2013-06-14,"M1_2013.06.14"
"M1","M","D","2013.06.14","","",NA,NA,NA,0.173184358,NA,NA,NA,NA,NA,NA,"","darkorange","Soya/Maize DC",2013-06-14,"M1_2013.06.14"
"M1","M","E","2013.06.14","","",NA,NA,NA,0.148462944,NA,NA,NA,NA,NA,NA,"","darkorange","Soya/Maize DC",2013-06-14,"M1_2013.06.14"
"M2","M","A","2013.06.18","","",NA,NA,NA,0.161706754,NA,NA,NA,NA,NA,NA,"","darkorange","Soya/Maize DC",2013-06-18,"M2_2013.06.18"
"M2","M","B","2013.06.18","","",NA,NA,NA,0.171056946,NA,NA,NA,NA,NA,NA,"","darkorange","Soya/Maize DC",2013-06-18,"M2_2013.06.18"
"M2","M","C","2013.06.18","","",NA,NA,NA,0.156862745,NA,NA,NA,NA,NA,NA,"","darkorange","Soya/Maize DC",2013-06-18,"M2_2013.06.18"
"M2","M","D","2013.06.18","","",NA,NA,NA,0.169124771,NA,NA,NA,NA,NA,NA,"","darkorange","Soya/Maize DC",2013-06-18,"M2_2013.06.18"
"M2","M","E","2013.06.18","","",NA,NA,NA,0.174025137,NA,NA,NA,NA,NA,NA,"","darkorange","Soya/Maize DC",2013-06-18,"M2_2013.06.18"
"S2","S","A","2013.06.18","","",NA,NA,NA,0.086025752,NA,NA,NA,NA,NA,NA,"","darkblue","Soya SC",2013-06-18,"S2_2013.06.18"
"S2","S","B","2013.06.18","","",NA,NA,NA,0.08454927,NA,NA,NA,NA,NA,NA,"","darkblue","Soya SC",2013-06-18,"S2_2013.06.18"
"S2","S","C","2013.06.18","","",NA,NA,NA,0.079389047,NA,NA,NA,NA,NA,NA,"","darkblue","Soya SC",2013-06-18,"S2_2013.06.18"
"S2","S","D","2013.06.18","","",NA,NA,NA,0.078262849,NA,NA,NA,NA,NA,NA,"","darkblue","Soya SC",2013-06-18,"S2_2013.06.18"
"S2","S","E","2013.06.18","","",NA,NA,NA,0.082863373,NA,NA,NA,NA,NA,NA,"","darkblue","Soya SC",2013-06-18,"S2_2013.06.18"
"F2","F","A","2013.06.20","","",NA,NA,NA,0.175229424,NA,NA,NA,NA,NA,NA,"","darkgreen","Forest",2013-06-20,"F2_2013.06.20"
"F2","F","B","2013.06.20","","",NA,NA,NA,0.163040781,NA,NA,NA,NA,NA,NA,"","darkgreen","Forest",2013-06-20,"F2_2013.06.20"
"F2","F","C","2013.06.20","","",NA,NA,NA,0.180347786,NA,NA,NA,NA,NA,NA,"","darkgreen","Forest",2013-06-20,"F2_2013.06.20"
"F2","F","D","2013.06.20","","",NA,NA,NA,0.186340825,NA,NA,NA,NA,NA,NA,"","darkgreen","Forest",2013-06-20,"F2_2013.06.20"
"F2","F","E","2013.06.20","","",NA,NA,NA,0.199770849,NA,NA,NA,NA,NA,NA,"","darkgreen","Forest",2013-06-20,"F2_2013.06.20"
"M1","M","A","2013.06.20","","",NA,NA,NA,0.138756845,NA,NA,NA,NA,NA,NA,"","darkorange","Soya/Maize DC",2013-06-20,"M1_2013.06.20"
"M1","M","B","2013.06.20","","",NA,NA,NA,0.130884279,NA,NA,NA,NA,NA,NA,"","darkorange","Soya/Maize DC",2013-06-20,"M1_2013.06.20"
"M1","M","C","2013.06.20","","",NA,NA,NA,0.141248201,NA,NA,NA,NA,NA,NA,"","darkorange","Soya/Maize DC",2013-06-20,"M1_2013.06.20"
"M1","M","D","2013.06.20","","",NA,NA,NA,0.134609083,NA,NA,NA,NA,NA,NA,"","darkorange","Soya/Maize DC",2013-06-20,"M1_2013.06.20"
"M1","M","E","2013.06.20","","",NA,NA,NA,0.136525133,NA,NA,NA,NA,NA,NA,"","darkorange","Soya/Maize DC",2013-06-20,"M1_2013.06.20"
"S1","S","A","2013.06.20","","",NA,NA,NA,0.09454928,NA,NA,NA,NA,NA,NA,"","darkblue","Soya SC",2013-06-20,"S1_2013.06.20"
"S1","S","B","2013.06.20","","",NA,NA,NA,0.098959847,NA,NA,NA,NA,NA,NA,"","darkblue","Soya SC",2013-06-20,"S1_2013.06.20"
"S1","S","C","2013.06.20","","",NA,NA,NA,0.096015479,NA,NA,NA,NA,NA,NA,"","darkblue","Soya SC",2013-06-20,"S1_2013.06.20"
"S1","S","D","2013.06.20","","",NA,NA,NA,0.088725817,NA,NA,NA,NA,NA,NA,"","darkblue","Soya SC",2013-06-20,"S1_2013.06.20"
"S1","S","E","2013.06.20","","",NA,NA,NA,0.100118584,NA,NA,NA,NA,NA,NA,"","darkblue","Soya SC",2013-06-20,"S1_2013.06.20"
"F2","F","A","2013.06.25","","",NA,NA,NA,0.194244604,NA,NA,NA,NA,NA,NA,"","darkgreen","Forest",2013-06-25,"F2_2013.06.25"
"F2","F","B","2013.06.25","","",NA,NA,NA,0.207876328,NA,NA,NA,NA,NA,NA,"","darkgreen","Forest",2013-06-25,"F2_2013.06.25"
"F2","F","C","2013.06.25","","",NA,NA,NA,0.205198567,NA,NA,NA,NA,NA,NA,"","darkgreen","Forest",2013-06-25,"F2_2013.06.25"
"F2","F","D","2013.06.25","","",NA,NA,NA,0.209294948,NA,NA,NA,NA,NA,NA,"","darkgreen","Forest",2013-06-25,"F2_2013.06.25"
"F2","F","E","2013.06.25","","",NA,NA,NA,0.204033442,NA,NA,NA,NA,NA,NA,"","darkgreen","Forest",2013-06-25,"F2_2013.06.25"
"M1","M","A","2013.06.25","","",NA,NA,NA,0.147108089,NA,NA,NA,NA,NA,NA,"","darkorange","Soya/Maize DC",2013-06-25,"M1_2013.06.25"
"M1","M","B","2013.06.25","","",NA,NA,NA,0.129350037,NA,NA,NA,NA,NA,NA,"","darkorange","Soya/Maize DC",2013-06-25,"M1_2013.06.25"
"M1","M","C","2013.06.25","","",NA,NA,NA,0.141424345,NA,NA,NA,NA,NA,NA,"","darkorange","Soya/Maize DC",2013-06-25,"M1_2013.06.25"
"M1","M","D","2013.06.25","","",NA,NA,NA,0.140063744,NA,NA,NA,NA,NA,NA,"","darkorange","Soya/Maize DC",2013-06-25,"M1_2013.06.25"
"M1","M","E","2013.06.25","","",NA,NA,NA,0.130117058,NA,NA,NA,NA,NA,NA,"","darkorange","Soya/Maize DC",2013-06-25,"M1_2013.06.25"
"S1","S","A","2013.06.25","","",NA,NA,NA,0.147782576,NA,NA,NA,NA,NA,NA,"","darkblue","Soya SC",2013-06-25,"S1_2013.06.25"
"S1","S","B","2013.06.25","","",NA,NA,NA,0.17246823,NA,NA,NA,NA,NA,NA,"","darkblue","Soya SC",2013-06-25,"S1_2013.06.25"
"S1","S","C","2013.06.25","","",NA,NA,NA,0.155963303,NA,NA,NA,NA,NA,NA,"","darkblue","Soya SC",2013-06-25,"S1_2013.06.25"
"S1","S","D","2013.06.25","","",NA,NA,NA,0.159434813,NA,NA,NA,NA,NA,NA,"","darkblue","Soya SC",2013-06-25,"S1_2013.06.25"
"S1","S","E","2013.06.25","","",NA,NA,NA,0.154133292,NA,NA,NA,NA,NA,NA,"","darkblue","Soya SC",2013-06-25,"S1_2013.06.25"
"F2","F","A","2013.06.27","","",NA,NA,NA,0.207589705,NA,NA,NA,NA,NA,NA,"","darkgreen","Forest",2013-06-27,"F2_2013.06.27"
"F2","F","B","2013.06.27","","",NA,NA,NA,0.174835696,NA,NA,NA,NA,NA,NA,"","darkgreen","Forest",2013-06-27,"F2_2013.06.27"
"F2","F","C","2013.06.27","","",NA,NA,NA,0.184320267,NA,NA,NA,NA,NA,NA,"","darkgreen","Forest",2013-06-27,"F2_2013.06.27"
"F2","F","D","2013.06.27","","",NA,NA,NA,0.204357818,NA,NA,NA,NA,NA,NA,"","darkgreen","Forest",2013-06-27,"F2_2013.06.27"
"F2","F","E","2013.06.27","","",NA,NA,NA,0.196215604,NA,NA,NA,NA,NA,NA,"","darkgreen","Forest",2013-06-27,"F2_2013.06.27"
"M1","M","A","2013.06.27","","",NA,NA,NA,0.127939342,NA,NA,NA,NA,NA,NA,"","darkorange","Soya/Maize DC",2013-06-27,"M1_2013.06.27"
"M1","M","B","2013.06.27","","",NA,NA,NA,0.137014142,NA,NA,NA,NA,NA,NA,"","darkorange","Soya/Maize DC",2013-06-27,"M1_2013.06.27"
"M1","M","C","2013.06.27","","",NA,NA,NA,0.12723267,NA,NA,NA,NA,NA,NA,"","darkorange","Soya/Maize DC",2013-06-27,"M1_2013.06.27"
"M1","M","D","2013.06.27","","",NA,NA,NA,0.130341351,NA,NA,NA,NA,NA,NA,"","darkorange","Soya/Maize DC",2013-06-27,"M1_2013.06.27"
"M1","M","E","2013.06.27","","",NA,NA,NA,0.135763916,NA,NA,NA,NA,NA,NA,"","darkorange","Soya/Maize DC",2013-06-27,"M1_2013.06.27"
"S1","S","A","2013.06.27","","",NA,NA,NA,0.137317811,NA,NA,NA,NA,NA,NA,"","darkblue","Soya SC",2013-06-27,"S1_2013.06.27"
"S1","S","B","2013.06.27","","",NA,NA,NA,0.141024737,NA,NA,NA,NA,NA,NA,"","darkblue","Soya SC",2013-06-27,"S1_2013.06.27"
"S1","S","C","2013.06.27","","",NA,NA,NA,0.139644811,NA,NA,NA,NA,NA,NA,"","darkblue","Soya SC",2013-06-27,"S1_2013.06.27"
"S1","S","D","2013.06.27","","",NA,NA,NA,0.157748629,NA,NA,NA,NA,NA,NA,"","darkblue","Soya SC",2013-06-27,"S1_2013.06.27"
"S1","S","E","2013.06.27","","",NA,NA,NA,0.139902014,NA,NA,NA,NA,NA,NA,"","darkblue","Soya SC",2013-06-27,"S1_2013.06.27"
"M1","M","A","2013.07.01","","",NA,NA,NA,0.127443568,NA,NA,NA,NA,NA,NA,"","darkorange","Soya/Maize DC",2013-07-01,"M1_2013.07.01"
"M1","M","B","2013.07.01","","",NA,NA,NA,0.110247494,NA,NA,NA,NA,NA,NA,"","darkorange","Soya/Maize DC",2013-07-01,"M1_2013.07.01"
"M1","M","C","2013.07.01","","",NA,NA,NA,0.107972073,NA,NA,NA,NA,NA,NA,"","darkorange","Soya/Maize DC",2013-07-01,"M1_2013.07.01"
"M1","M","D","2013.07.01","","",NA,NA,NA,0.110121133,NA,NA,NA,NA,NA,NA,"","darkorange","Soya/Maize DC",2013-07-01,"M1_2013.07.01"
"M1","M","E","2013.07.01","","",NA,NA,NA,0.126387397,NA,NA,NA,NA,NA,NA,"","darkorange","Soya/Maize DC",2013-07-01,"M1_2013.07.01"
"S1","S","A","2013.07.01","","",NA,NA,NA,0.114444823,NA,NA,NA,NA,NA,NA,"","darkblue","Soya SC",2013-07-01,"S1_2013.07.01"
"S1","S","B","2013.07.01","","",NA,NA,NA,0.098911301,NA,NA,NA,NA,NA,NA,"","darkblue","Soya SC",2013-07-01,"S1_2013.07.01"
"S1","S","C","2013.07.01","","",NA,NA,NA,0.139086851,NA,NA,NA,NA,NA,NA,"","darkblue","Soya SC",2013-07-01,"S1_2013.07.01"
"S1","S","D","2013.07.01","","",NA,NA,NA,0.109085118,NA,NA,NA,NA,NA,NA,"","darkblue","Soya SC",2013-07-01,"S1_2013.07.01"
"S1","S","E","2013.07.01","","",NA,NA,NA,0.119738703,NA,NA,NA,NA,NA,NA,"","darkblue","Soya SC",2013-07-01,"S1_2013.07.01"
"F2","F","A","2013.07.04","","",NA,NA,NA,0.163114669,NA,NA,NA,NA,NA,NA,"","darkgreen","Forest",2013-07-04,"F2_2013.07.04"
"F2","F","B","2013.07.04","","",NA,NA,NA,0.163684258,NA,NA,NA,NA,NA,NA,"","darkgreen","Forest",2013-07-04,"F2_2013.07.04"
"F2","F","C","2013.07.04","","",NA,NA,NA,0.166321805,NA,NA,NA,NA,NA,NA,"","darkgreen","Forest",2013-07-04,"F2_2013.07.04"
"F2","F","D","2013.07.04","","",NA,NA,NA,0.163897203,NA,NA,NA,NA,NA,NA,"","darkgreen","Forest",2013-07-04,"F2_2013.07.04"
"F2","F","E","2013.07.04","","",NA,NA,NA,0.151080748,NA,NA,NA,NA,NA,NA,"","darkgreen","Forest",2013-07-04,"F2_2013.07.04"
"M1","M","A","2013.07.04","","",NA,NA,NA,0.136241868,NA,NA,NA,NA,NA,NA,"","darkorange","Soya/Maize DC",2013-07-04,"M1_2013.07.04"
"M1","M","B","2013.07.04","","",NA,NA,NA,0.121064654,NA,NA,NA,NA,NA,NA,"","darkorange","Soya/Maize DC",2013-07-04,"M1_2013.07.04"
"M1","M","C","2013.07.04","","",NA,NA,NA,0.118646723,NA,NA,NA,NA,NA,NA,"","darkorange","Soya/Maize DC",2013-07-04,"M1_2013.07.04"
"M1","M","D","2013.07.04","","",NA,NA,NA,0.131409974,NA,NA,NA,NA,NA,NA,"","darkorange","Soya/Maize DC",2013-07-04,"M1_2013.07.04"
"M1","M","E","2013.07.04","","",NA,NA,NA,0.123650161,NA,NA,NA,NA,NA,NA,"","darkorange","Soya/Maize DC",2013-07-04,"M1_2013.07.04"
"S1","S","A","2013.07.04","","",NA,NA,NA,0.107001432,NA,NA,NA,NA,NA,NA,"","darkblue","Soya SC",2013-07-04,"S1_2013.07.04"
"S1","S","B","2013.07.04","","",NA,NA,NA,0.096011325,NA,NA,NA,NA,NA,NA,"","darkblue","Soya SC",2013-07-04,"S1_2013.07.04"
"S1","S","C","2013.07.04","","",NA,NA,NA,0.115082757,NA,NA,NA,NA,NA,NA,"","darkblue","Soya SC",2013-07-04,"S1_2013.07.04"
"S1","S","D","2013.07.04","","",NA,NA,NA,0.116688649,NA,NA,NA,NA,NA,NA,"","darkblue","Soya SC",2013-07-04,"S1_2013.07.04"
"S1","S","E","2013.07.04","","",NA,NA,NA,0.121407467,NA,NA,NA,NA,NA,NA,"","darkblue","Soya SC",2013-07-04,"S1_2013.07.04"
"F2","F","A","2013.07.17","","",NA,NA,NA,0.193214286,NA,NA,NA,NA,NA,NA,"","darkgreen","Forest",2013-07-17,"F2_2013.07.17"
"F2","F","B","2013.07.17","","",NA,NA,NA,0.182928803,NA,NA,NA,NA,NA,NA,"","darkgreen","Forest",2013-07-17,"F2_2013.07.17"
"F2","F","C","2013.07.17","","",NA,NA,NA,0.171877337,NA,NA,NA,NA,NA,NA,"","darkgreen","Forest",2013-07-17,"F2_2013.07.17"
"F2","F","D","2013.07.17","","",NA,NA,NA,0.171192341,NA,NA,NA,NA,NA,NA,"","darkgreen","Forest",2013-07-17,"F2_2013.07.17"
"F2","F","E","2013.07.17","","",NA,NA,NA,0.194285714,NA,NA,NA,NA,NA,NA,"","darkgreen","Forest",2013-07-17,"F2_2013.07.17"
"M1","M","A","2013.07.17","","",NA,NA,NA,0.115646259,NA,NA,NA,NA,NA,NA,"","darkorange","Soya/Maize DC",2013-07-17,"M1_2013.07.17"
"M1","M","B","2013.07.17","","",NA,NA,NA,0.103807107,NA,NA,NA,NA,NA,NA,"","darkorange","Soya/Maize DC",2013-07-17,"M1_2013.07.17"
"M1","M","C","2013.07.17","","",NA,NA,NA,0.117865429,NA,NA,NA,NA,NA,NA,"","darkorange","Soya/Maize DC",2013-07-17,"M1_2013.07.17"
"M1","M","D","2013.07.17","","",NA,NA,NA,0.12720633,NA,NA,NA,NA,NA,NA,"","darkorange","Soya/Maize DC",2013-07-17,"M1_2013.07.17"
"M1","M","E","2013.07.17","","",NA,NA,NA,0.117344897,NA,NA,NA,NA,NA,NA,"","darkorange","Soya/Maize DC",2013-07-17,"M1_2013.07.17"
"S1","S","A","2013.07.17","","",NA,NA,NA,0.095844875,NA,NA,NA,NA,NA,NA,"","darkblue","Soya SC",2013-07-17,"S1_2013.07.17"
"S1","S","B","2013.07.17","","",NA,NA,NA,0.098433048,NA,NA,NA,NA,NA,NA,"","darkblue","Soya SC",2013-07-17,"S1_2013.07.17"
"S1","S","C","2013.07.17","","",NA,NA,NA,0.089285714,NA,NA,NA,NA,NA,NA,"","darkblue","Soya SC",2013-07-17,"S1_2013.07.17"
"S1","S","D","2013.07.17","","",NA,NA,NA,0.106661184,NA,NA,NA,NA,NA,NA,"","darkblue","Soya SC",2013-07-17,"S1_2013.07.17"
"S1","S","E","2013.07.17","","",NA,NA,NA,0.093777452,NA,NA,NA,NA,NA,NA,"","darkblue","Soya SC",2013-07-17,"S1_2013.07.17"
"M1","M","A1","2013.07.19","","",NA,NA,NA,NA,NA,NA,NA,NA,NA,NA,"","darkorange","Soya/Maize DC",2013-07-19,"M1_2013.07.19"
"M1","M","A2","2013.07.19","","",NA,NA,NA,NA,NA,NA,NA,NA,NA,NA,"","darkorange","Soya/Maize DC",2013-07-19,"M1_2013.07.19"
"M1","M","B1","2013.07.19","","",NA,NA,NA,NA,NA,NA,NA,NA,NA,NA,"","darkorange","Soya/Maize DC",2013-07-19,"M1_2013.07.19"
"M1","M","B2","2013.07.19","","",NA,NA,NA,NA,NA,NA,NA,NA,NA,NA,"","darkorange","Soya/Maize DC",2013-07-19,"M1_2013.07.19"
"S1","S","B2","2013.07.19","","",NA,NA,NA,NA,NA,NA,NA,NA,NA,NA,"","darkblue","Soya SC",2013-07-19,"S1_2013.07.19"
"S1","S","C1","2013.07.19","","",NA,NA,NA,NA,NA,NA,NA,NA,NA,NA,"","darkblue","Soya SC",2013-07-19,"S1_2013.07.19"
"S1","S","C2","2013.07.19","","",NA,NA,NA,NA,NA,NA,NA,NA,NA,NA,"","darkblue","Soya SC",2013-07-19,"S1_2013.07.19"
"F3","F","A","2013.07.23","","",NA,NA,NA,0.183971109,NA,NA,NA,NA,NA,NA,"","darkgreen","Forest",2013-07-23,"F3_2013.07.23"
"F3","F","B","2013.07.23","","",NA,NA,NA,0.16516289,NA,NA,NA,NA,NA,NA,"","darkgreen","Forest",2013-07-23,"F3_2013.07.23"
"F3","F","C","2013.07.23","","",NA,NA,NA,0.158128112,NA,NA,NA,NA,NA,NA,"","darkgreen","Forest",2013-07-23,"F3_2013.07.23"
"F3","F","D","2013.07.23","","",NA,NA,NA,0.168555787,NA,NA,NA,NA,NA,NA,"","darkgreen","Forest",2013-07-23,"F3_2013.07.23"
"F3","F","E","2013.07.23","","",NA,NA,NA,0.155331129,NA,NA,NA,NA,NA,NA,"","darkgreen","Forest",2013-07-23,"F3_2013.07.23"
"M2","M","A","2013.07.23","","",NA,NA,NA,0.251168533,NA,NA,NA,NA,NA,NA,"","darkorange","Soya/Maize DC",2013-07-23,"M2_2013.07.23"
"M2","M","B","2013.07.23","","",NA,NA,NA,0.232330716,NA,NA,NA,NA,NA,NA,"","darkorange","Soya/Maize DC",2013-07-23,"M2_2013.07.23"
"M2","M","C","2013.07.23","","",NA,NA,NA,0.227481832,NA,NA,NA,NA,NA,NA,"","darkorange","Soya/Maize DC",2013-07-23,"M2_2013.07.23"
"M2","M","D","2013.07.23","","",NA,NA,NA,0.252763168,NA,NA,NA,NA,NA,NA,"","darkorange","Soya/Maize DC",2013-07-23,"M2_2013.07.23"
"M2","M","E","2013.07.23","","",NA,NA,NA,0.242843406,NA,NA,NA,NA,NA,NA,"","darkorange","Soya/Maize DC",2013-07-23,"M2_2013.07.23"
"S3","S","A","2013.07.23","","",NA,NA,NA,0.167985509,NA,NA,NA,NA,NA,NA,"","darkblue","Soya SC",2013-07-23,"S3_2013.07.23"
"S3","S","B","2013.07.23","","",NA,NA,NA,0.089792128,NA,NA,NA,NA,NA,NA,"","darkblue","Soya SC",2013-07-23,"S3_2013.07.23"
"S3","S","C","2013.07.23","","",NA,NA,NA,0.130841947,NA,NA,NA,NA,NA,NA,"","darkblue","Soya SC",2013-07-23,"S3_2013.07.23"
"S3","S","D","2013.07.23","","",NA,NA,NA,0.119816076,NA,NA,NA,NA,NA,NA,"","darkblue","Soya SC",2013-07-23,"S3_2013.07.23"
"S3","S","E","2013.07.23","","",NA,NA,NA,0.117495647,NA,NA,NA,NA,NA,NA,"","darkblue","Soya SC",2013-07-23,"S3_2013.07.23"
"F1","F","A","2013.07.24","","",NA,NA,NA,0.160747011,NA,NA,NA,NA,NA,NA,"","darkgreen","Forest",2013-07-24,"F1_2013.07.24"
"F1","F","B","2013.07.24","","",NA,NA,NA,0.174993827,NA,NA,NA,NA,NA,NA,"","darkgreen","Forest",2013-07-24,"F1_2013.07.24"
"F1","F","C","2013.07.24","","",NA,NA,NA,0.17760652,NA,NA,NA,NA,NA,NA,"","darkgreen","Forest",2013-07-24,"F1_2013.07.24"
"F1","F","D","2013.07.24","","",NA,NA,NA,0.153363305,NA,NA,NA,NA,NA,NA,"","darkgreen","Forest",2013-07-24,"F1_2013.07.24"
"F1","F","E","2013.07.24","","",NA,NA,NA,0.183715858,NA,NA,NA,NA,NA,NA,"","darkgreen","Forest",2013-07-24,"F1_2013.07.24"
"M3","M","A","2013.07.24","","",NA,NA,NA,0.095464705,NA,NA,NA,NA,NA,NA,"","darkorange","Soya/Maize DC",2013-07-24,"M3_2013.07.24"
"M3","M","B","2013.07.24","","",NA,NA,NA,0.104263242,NA,NA,NA,NA,NA,NA,"","darkorange","Soya/Maize DC",2013-07-24,"M3_2013.07.24"
"M3","M","C","2013.07.24","","",NA,NA,NA,0.084402189,NA,NA,NA,NA,NA,NA,"","darkorange","Soya/Maize DC",2013-07-24,"M3_2013.07.24"
"M3","M","D","2013.07.24","","",NA,NA,NA,0.09972668,NA,NA,NA,NA,NA,NA,"","darkorange","Soya/Maize DC",2013-07-24,"M3_2013.07.24"
"M3","M","E","2013.07.24","","",NA,NA,NA,0.092302951,NA,NA,NA,NA,NA,NA,"","darkorange","Soya/Maize DC",2013-07-24,"M3_2013.07.24"
"S2","S","A","2013.07.24","","",NA,NA,NA,0.060792518,NA,NA,NA,NA,NA,NA,"","darkblue","Soya SC",2013-07-24,"S2_2013.07.24"
"S2","S","B","2013.07.24","","",NA,NA,NA,0.054980552,NA,NA,NA,NA,NA,NA,"","darkblue","Soya SC",2013-07-24,"S2_2013.07.24"
"S2","S","C","2013.07.24","","",NA,NA,NA,0.047575895,NA,NA,NA,NA,NA,NA,"","darkblue","Soya SC",2013-07-24,"S2_2013.07.24"
"S2","S","D","2013.07.24","","",NA,NA,NA,0.051761323,NA,NA,NA,NA,NA,NA,"","darkblue","Soya SC",2013-07-24,"S2_2013.07.24"
"S2","S","E","2013.07.24","","",NA,NA,NA,0.044340048,NA,NA,NA,NA,NA,NA,"","darkblue","Soya SC",2013-07-24,"S2_2013.07.24"
"F2","F","A","2013.12.17","14:00","F",30.5,31,25,0.251262808,NA,NA,NA,NA,NA,NA,"","darkgreen","Forest",2013-12-17,"F2_2013.12.17"
"F2","F","B","2013.12.17","14:00","F",30.5,31,25,0.288847983,NA,NA,NA,NA,NA,NA,"","darkgreen","Forest",2013-12-17,"F2_2013.12.17"
"F2","F","C","2013.12.17","14:00","F",30.5,31,25,0.300363877,NA,NA,NA,NA,NA,NA,"","darkgreen","Forest",2013-12-17,"F2_2013.12.17"
"F2","F","D","2013.12.17","14:00","F",30.5,31,25,0.338575947,NA,NA,NA,NA,NA,NA,"","darkgreen","Forest",2013-12-17,"F2_2013.12.17"
"F2","F","E","2013.12.17","14:00","F",30.5,31,25,0.229445036,NA,NA,NA,NA,NA,NA,"","darkgreen","Forest",2013-12-17,"F2_2013.12.17"
"F3","F","A","2013.12.17","10:30",NA,25,24.5,25,0.541084405,NA,NA,NA,NA,NA,NA,"","darkgreen","Forest",2013-12-17,"F3_2013.12.17"
"F3","F","B","2013.12.17","10:30",NA,25,24.5,25,0.273700705,NA,NA,NA,NA,NA,NA,"","darkgreen","Forest",2013-12-17,"F3_2013.12.17"
"F3","F","C","2013.12.17","10:30",NA,25,24.5,27,0.261682243,NA,NA,NA,NA,NA,NA,"","darkgreen","Forest",2013-12-17,"F3_2013.12.17"
"F3","F","D","2013.12.17","10:30",NA,25,24.5,25,0.238110856,NA,NA,NA,NA,NA,NA,"","darkgreen","Forest",2013-12-17,"F3_2013.12.17"
"F3","F","E","2013.12.17","10:30",NA,25,24.5,24,0.306998712,NA,NA,NA,NA,NA,NA,"","darkgreen","Forest",2013-12-17,"F3_2013.12.17"
"M2","M","A","2013.12.17","8:30",NA,NA,28.5,25,0.291914519,NA,NA,NA,NA,NA,NA,"","darkorange","Soya/Maize DC",2013-12-17,"M2_2013.12.17"
"M2","M","B","2013.12.17","8:30",NA,NA,28.5,25,0.25727793,NA,NA,NA,NA,NA,NA,"","darkorange","Soya/Maize DC",2013-12-17,"M2_2013.12.17"
"M2","M","C","2013.12.17","8:30",NA,NA,28.5,25,0.379952371,NA,NA,NA,NA,NA,NA,"","darkorange","Soya/Maize DC",2013-12-17,"M2_2013.12.17"
"M2","M","D","2013.12.17","8:30",NA,NA,28.5,25,0.268094335,NA,NA,NA,NA,NA,NA,"","darkorange","Soya/Maize DC",2013-12-17,"M2_2013.12.17"
"M2","M","E","2013.12.17","8:30",NA,NA,28.5,26,0.26915208,NA,NA,NA,NA,NA,NA,"","darkorange","Soya/Maize DC",2013-12-17,"M2_2013.12.17"
"F2","F","A","2013.12.18","10:45",NA,26.5,26,25,0.25914336,NA,NA,NA,NA,NA,NA,"","darkgreen","Forest",2013-12-18,"F2_2013.12.18"
"F2","F","B","2013.12.18","10:45",NA,26.5,26,25,0.278127566,NA,NA,NA,NA,NA,NA,"","darkgreen","Forest",2013-12-18,"F2_2013.12.18"
"F2","F","C","2013.12.18","10:45",NA,26.5,26,25,0.300836786,NA,NA,NA,NA,NA,NA,"","darkgreen","Forest",2013-12-18,"F2_2013.12.18"
"F2","F","D","2013.12.18","10:45",NA,26.5,26,25,0.265810537,NA,NA,NA,NA,NA,NA,"","darkgreen","Forest",2013-12-18,"F2_2013.12.18"
"F2","F","E","2013.12.18","10:45",NA,26.5,26,25,0.208935611,NA,NA,NA,NA,NA,NA,"","darkgreen","Forest",2013-12-18,"F2_2013.12.18"
"M3","M","A","2013.12.18","9:20",NA,27.5,28.5,27,0.260102969,NA,NA,NA,NA,NA,NA,"","darkorange","Soya/Maize DC",2013-12-18,"M3_2013.12.18"
"M3","M","B","2013.12.18","9:20",NA,27.5,28.5,25,0.246064866,NA,NA,NA,NA,NA,NA,"","darkorange","Soya/Maize DC",2013-12-18,"M3_2013.12.18"
"M3","M","C","2013.12.18","9:20",NA,27.5,28.5,25,0.25481563,NA,NA,NA,NA,NA,NA,"","darkorange","Soya/Maize DC",2013-12-18,"M3_2013.12.18"
"M3","M","D","2013.12.18","9:20",NA,27.5,28.5,25,0.27628681,NA,NA,NA,NA,NA,NA,"","darkorange","Soya/Maize DC",2013-12-18,"M3_2013.12.18"
"M3","M","E","2013.12.18","9:20",NA,27.5,28.5,25,0.247924792,NA,NA,NA,NA,NA,NA,"","darkorange","Soya/Maize DC",2013-12-18,"M3_2013.12.18"
"S1","S","A","2013.12.18","8:00",NA,25.5,28,25,0.264739279,NA,NA,NA,NA,NA,NA,"","darkblue","Soya SC",2013-12-18,"S1_2013.12.18"
"S1","S","B","2013.12.18","8:00",NA,25.5,28,25,0.230121695,NA,NA,NA,NA,NA,NA,"","darkblue","Soya SC",2013-12-18,"S1_2013.12.18"
"S1","S","C","2013.12.18","8:00",NA,25.5,28,25,0.226478747,NA,NA,NA,NA,NA,NA,"","darkblue","Soya SC",2013-12-18,"S1_2013.12.18"
"S1","S","D","2013.12.18","8:00",NA,25.5,28,25,0.246817593,NA,NA,NA,NA,NA,NA,"","darkblue","Soya SC",2013-12-18,"S1_2013.12.18"
"S1","S","E","2013.12.18","8:00",NA,25.5,28,26,0.262824516,NA,NA,NA,NA,NA,NA,"","darkblue","Soya SC",2013-12-18,"S1_2013.12.18"
"M1","M","A","2013.12.19","8:50",NA,25.5,31.5,26,0.255507635,NA,NA,NA,NA,NA,NA,"","darkorange","Soya/Maize DC",2013-12-19,"M1_2013.12.19"
"M1","M","B","2013.12.19","8:50",NA,25.5,31.5,26,0.256185906,NA,NA,NA,NA,NA,NA,"","darkorange","Soya/Maize DC",2013-12-19,"M1_2013.12.19"
"M1","M","C","2013.12.19","8:50",NA,25.5,31.5,26,0.258789912,NA,NA,NA,NA,NA,NA,"","darkorange","Soya/Maize DC",2013-12-19,"M1_2013.12.19"
"M1","M","D","2013.12.19","8:50",NA,25.5,31.5,28,0.270145994,NA,NA,NA,NA,NA,NA,"","darkorange","Soya/Maize DC",2013-12-19,"M1_2013.12.19"
"M1","M","E","2013.12.19","8:50",NA,25.5,31.5,25,0.271334556,NA,NA,NA,NA,NA,NA,"","darkorange","Soya/Maize DC",2013-12-19,"M1_2013.12.19"
"S2","S","A","2013.12.19","13:00",NA,26.5,26.5,26,0.169056548,NA,NA,NA,NA,NA,NA,"","darkblue","Soya SC",2013-12-19,"S2_2013.12.19"
"S2","S","B","2013.12.19","13:00",NA,26.5,26.5,26,0.174144943,NA,NA,NA,NA,NA,NA,"","darkblue","Soya SC",2013-12-19,"S2_2013.12.19"
"S2","S","C","2013.12.19","13:00",NA,26.5,26.5,29,0.158082127,NA,NA,NA,NA,NA,NA,"","darkblue","Soya SC",2013-12-19,"S2_2013.12.19"
"S2","S","D","2013.12.19","13:00",NA,26.5,26.5,25,0.153309429,NA,NA,NA,NA,NA,NA,"","darkblue","Soya SC",2013-12-19,"S2_2013.12.19"
"S2","S","E","2013.12.19","13:00",NA,26.5,26.5,26,0.463320749,NA,NA,NA,NA,NA,NA,"","darkblue","Soya SC",2013-12-19,"S2_2013.12.19"
"F3","F","A","2014.01.29","10:20","F",27.7,28,25,0.199024029,NA,NA,NA,NA,NA,NA,"","darkgreen","Forest",2014-01-29,"F3_2014.01.29"
"F3","F","B","2014.01.29","10:20","F",27.7,28,25,0.240519927,NA,NA,NA,NA,NA,NA,"","darkgreen","Forest",2014-01-29,"F3_2014.01.29"
"F3","F","C","2014.01.29","10:20","F",27.7,28,25,0.204029538,NA,NA,NA,NA,NA,NA,"","darkgreen","Forest",2014-01-29,"F3_2014.01.29"
"F3","F","D","2014.01.29","10:20","F",27.7,28,27,0.231802781,NA,NA,NA,NA,NA,NA,"","darkgreen","Forest",2014-01-29,"F3_2014.01.29"
"F3","F","E","2014.01.29","10:20","F",27.7,28,25,0.219684276,NA,NA,NA,NA,NA,NA,"","darkgreen","Forest",2014-01-29,"F3_2014.01.29"
"M1","M","A","2014.01.29","8:20",NA,24.7,28.3,24,0.219229376,NA,NA,NA,NA,NA,NA,"","darkorange","Soya/Maize DC",2014-01-29,"M1_2014.01.29"
"M1","M","B","2014.01.29","8:20",NA,24.7,28.3,25,0.234488316,NA,NA,NA,NA,NA,NA,"","darkorange","Soya/Maize DC",2014-01-29,"M1_2014.01.29"
"M1","M","C","2014.01.29","8:20",NA,24.7,28.3,25,0.223784533,NA,NA,NA,NA,NA,NA,"","darkorange","Soya/Maize DC",2014-01-29,"M1_2014.01.29"
"M1","M","D","2014.01.29","8:20",NA,24.7,28.3,25,0.22944121,NA,NA,NA,NA,NA,NA,"","darkorange","Soya/Maize DC",2014-01-29,"M1_2014.01.29"
"M1","M","E","2014.01.29","8:20",NA,24.7,28.3,24,0.239471584,NA,NA,NA,NA,NA,NA,"","darkorange","Soya/Maize DC",2014-01-29,"M1_2014.01.29"
"M3","M","A","2014.01.30","8:05",NA,26.7,33,25,0.166388621,NA,NA,NA,NA,NA,NA,"","darkorange","Soya/Maize DC",2014-01-30,"M3_2014.01.30"
"M3","M","B","2014.01.30","8:05",NA,26.7,33,26,0.171879456,NA,NA,NA,NA,NA,NA,"","darkorange","Soya/Maize DC",2014-01-30,"M3_2014.01.30"
"M3","M","C","2014.01.30","8:05",NA,26.7,33,26,0.159854483,NA,NA,NA,NA,NA,NA,"","darkorange","Soya/Maize DC",2014-01-30,"M3_2014.01.30"
"M3","M","D","2014.01.30","8:05",NA,26.7,33,27,0.158204625,NA,NA,NA,NA,NA,NA,"","darkorange","Soya/Maize DC",2014-01-30,"M3_2014.01.30"
"M3","M","E","2014.01.30","8:05",NA,26.7,33,26,0.154749372,NA,NA,NA,NA,NA,NA,"","darkorange","Soya/Maize DC",2014-01-30,"M3_2014.01.30"
"S1","S","A","2014.01.30","9:35",NA,30.7,31.7,26,0.152140905,NA,NA,NA,NA,NA,NA,"","darkblue","Soya SC",2014-01-30,"S1_2014.01.30"
"S1","S","B","2014.01.30","9:35",NA,30.7,31.7,26,0.158508393,NA,NA,NA,NA,NA,NA,"","darkblue","Soya SC",2014-01-30,"S1_2014.01.30"
"S1","S","C","2014.01.30","9:35",NA,30.7,31.7,25,0.158543796,NA,NA,NA,NA,NA,NA,"","darkblue","Soya SC",2014-01-30,"S1_2014.01.30"
"S1","S","D","2014.01.30","9:35",NA,30.7,31.7,25,0.178895877,NA,NA,NA,NA,NA,NA,"","darkblue","Soya SC",2014-01-30,"S1_2014.01.30"
"S1","S","E","2014.01.30","9:35",NA,30.7,31.7,27,0.156872405,NA,NA,NA,NA,NA,NA,"","darkblue","Soya SC",2014-01-30,"S1_2014.01.30"
"F2","F","A","2014.02.05","13:30","F",31.7,29.7,28,0.222377996,NA,NA,NA,NA,NA,NA,"","darkgreen","Forest",2014-02-05,"F2_2014.02.05"
"F2","F","B","2014.02.05","13:30","F",31.7,29.7,25,0.210658585,NA,NA,NA,NA,NA,NA,"","darkgreen","Forest",2014-02-05,"F2_2014.02.05"
"F2","F","C","2014.02.05","13:30","F",31.7,29.7,25,0.254455156,NA,NA,NA,NA,NA,NA,"","darkgreen","Forest",2014-02-05,"F2_2014.02.05"
"F2","F","D","2014.02.05","13:30","F",31.7,29.7,24,0.205334675,NA,NA,NA,NA,NA,NA,"","darkgreen","Forest",2014-02-05,"F2_2014.02.05"
"F2","F","E","2014.02.05","13:30","F",31.7,29.7,24,0.210478897,NA,NA,NA,NA,NA,NA,"","darkgreen","Forest",2014-02-05,"F2_2014.02.05"
"F1","F","A","2014.02.06","7:35","F",24.7,25.3,24,0.211227129,NA,NA,NA,NA,NA,NA,"","darkgreen","Forest",2014-02-06,"F1_2014.02.06"
"F1","F","B","2014.02.06","7:35","F",24.7,25.3,25,0.230279105,NA,NA,NA,NA,NA,NA,"","darkgreen","Forest",2014-02-06,"F1_2014.02.06"
"F1","F","C","2014.02.06","7:35","F",24.7,25.3,25,0.236638512,NA,NA,NA,NA,NA,NA,"","darkgreen","Forest",2014-02-06,"F1_2014.02.06"
"F1","F","D","2014.02.06","7:35","F",24.7,25.3,25,0.227303396,NA,NA,NA,NA,NA,NA,"","darkgreen","Forest",2014-02-06,"F1_2014.02.06"
"F1","F","E","2014.02.06","7:35","F",24.7,25.3,25,0.348165496,NA,NA,NA,NA,NA,NA,"","darkgreen","Forest",2014-02-06,"F1_2014.02.06"
"M2","M","A","2014.02.06","9:35",NA,27,31,27,0.233178026,NA,NA,NA,NA,NA,NA,"","darkorange","Soya/Maize DC",2014-02-06,"M2_2014.02.06"
"M2","M","B","2014.02.06","9:35",NA,27,31,25,0.209505735,NA,NA,NA,NA,NA,NA,"","darkorange","Soya/Maize DC",2014-02-06,"M2_2014.02.06"
"M2","M","C","2014.02.06","9:35",NA,27,31,25,0.230649754,NA,NA,NA,NA,NA,NA,"","darkorange","Soya/Maize DC",2014-02-06,"M2_2014.02.06"
"M2","M","D","2014.02.06","9:35",NA,27,31,24,0.227845737,NA,NA,NA,NA,NA,NA,"","darkorange","Soya/Maize DC",2014-02-06,"M2_2014.02.06"
"M2","M","E","2014.02.06","9:35",NA,27,31,26,0.225268764,NA,NA,NA,NA,NA,NA,"","darkorange","Soya/Maize DC",2014-02-06,"M2_2014.02.06"
"S3","S","A","2014.02.06","11:00",NA,42.3,44.3,31,0.229593738,NA,NA,NA,NA,NA,NA,"","darkblue","Soya SC",2014-02-06,"S3_2014.02.06"
"S3","S","B","2014.02.06","11:00",NA,42.3,44.3,30,0.222170729,NA,NA,NA,NA,NA,NA,"","darkblue","Soya SC",2014-02-06,"S3_2014.02.06"
"S3","S","C","2014.02.06","11:00",NA,42.3,44.3,29,0.226976994,NA,NA,NA,NA,NA,NA,"","darkblue","Soya SC",2014-02-06,"S3_2014.02.06"
"S3","S","D","2014.02.06","11:00",NA,42.3,44.3,28,0.226173777,NA,NA,NA,NA,NA,NA,"","darkblue","Soya SC",2014-02-06,"S3_2014.02.06"
"S3","S","E","2014.02.06","11:00",NA,42.3,44.3,30,0.232067113,NA,NA,NA,NA,NA,NA,"","darkblue","Soya SC",2014-02-06,"S3_2014.02.06"
"F1","F","A","2014.02.11","13:20","F",32,24,25,0.288180733,NA,NA,NA,NA,NA,NA,"","darkgreen","Forest",2014-02-11,"F1_2014.02.11"
"F1","F","B","2014.02.11","13:20","F",32,24,24,0.269647169,NA,NA,NA,NA,NA,NA,"","darkgreen","Forest",2014-02-11,"F1_2014.02.11"
"F1","F","C","2014.02.11","13:20","F",32,24,25,0.27671385,NA,NA,NA,NA,NA,NA,"","darkgreen","Forest",2014-02-11,"F1_2014.02.11"
"F1","F","D","2014.02.11","13:20","F",32,24,26,0.297739348,NA,NA,NA,NA,NA,NA,"","darkgreen","Forest",2014-02-11,"F1_2014.02.11"
"F1","F","E","2014.02.11","13:20","F",32,24,25,0.402100304,NA,NA,NA,NA,NA,NA,"","darkgreen","Forest",2014-02-11,"F1_2014.02.11"
"M1","M","A","2014.02.11","8:00",NA,26.3,40.3,25,0.225150679,NA,NA,NA,NA,NA,NA,"","darkorange","Soya/Maize DC",2014-02-11,"M1_2014.02.11"
"M1","M","B","2014.02.11","8:00",NA,26.3,40.3,24,0.251573821,NA,NA,NA,NA,NA,NA,"","darkorange","Soya/Maize DC",2014-02-11,"M1_2014.02.11"
"M1","M","C","2014.02.11","8:00",NA,26.3,40.3,25,0.246397226,NA,NA,NA,NA,NA,NA,"","darkorange","Soya/Maize DC",2014-02-11,"M1_2014.02.11"
"M1","M","D","2014.02.11","8:00",NA,26.3,40.3,24,0.238150423,NA,NA,NA,NA,NA,NA,"","darkorange","Soya/Maize DC",2014-02-11,"M1_2014.02.11"
"M1","M","E","2014.02.11","8:00",NA,26.3,40.3,25,0.258355529,NA,NA,NA,NA,NA,NA,"","darkorange","Soya/Maize DC",2014-02-11,"M1_2014.02.11"
"M3","M","A","2014.02.11","9:50","I",43,49,26,0.179079071,NA,NA,NA,NA,NA,1.5,"2014.02.09","darkorange","Soya/Maize DC",2014-02-11,"M3_2014.02.11"
"M3","M","B","2014.02.11","9:50","R",43,49,27,0.192668854,NA,NA,NA,NA,NA,1.5,"2014.02.09","darkorange","Soya/Maize DC",2014-02-11,"M3_2014.02.11"
"M3","M","C","2014.02.11","9:50","R",43,49,28,0.203710832,NA,NA,NA,NA,NA,1.5,"2014.02.09","darkorange","Soya/Maize DC",2014-02-11,"M3_2014.02.11"
"M3","M","D","2014.02.11","9:50","I",43,49,29,0.208717259,NA,NA,NA,NA,NA,1.5,"2014.02.09","darkorange","Soya/Maize DC",2014-02-11,"M3_2014.02.11"
"M3","M","E","2014.02.11","9:50","I",43,49,27,0.206341638,NA,NA,NA,NA,NA,1.5,"2014.02.09","darkorange","Soya/Maize DC",2014-02-11,"M3_2014.02.11"
"F2","F","A","2014.02.12","10:00","F",23.7,24.3,25,0.273828529,NA,NA,NA,NA,NA,NA,"","darkgreen","Forest",2014-02-12,"F2_2014.02.12"
"F2","F","B","2014.02.12","10:00","F",23.7,24.3,24,0.262094357,NA,NA,NA,NA,NA,NA,"","darkgreen","Forest",2014-02-12,"F2_2014.02.12"
"F2","F","C","2014.02.12","10:00","F",23.7,24.3,24,0.269275639,NA,NA,NA,NA,NA,NA,"","darkgreen","Forest",2014-02-12,"F2_2014.02.12"
"F2","F","D","2014.02.12","10:00","F",23.7,24.3,23,0.255530512,NA,NA,NA,NA,NA,NA,"","darkgreen","Forest",2014-02-12,"F2_2014.02.12"
"F2","F","E","2014.02.12","10:00","F",23.7,24.3,25,0.26011842,NA,NA,NA,NA,NA,NA,"","darkgreen","Forest",2014-02-12,"F2_2014.02.12"
"SD","S","A","2014.02.12","13:20","I",40.3,34.7,27,0.191579098,NA,NA,NA,NA,NA,NA,"","darkblue","Soya SC",2014-02-12,"SD_2014.02.12"
"SD","S","B","2014.02.12","13:20","I",40.3,34.7,27,0.210624244,NA,NA,NA,NA,NA,NA,"","darkblue","Soya SC",2014-02-12,"SD_2014.02.12"
"SD","S","C","2014.02.12","13:20","R",40.3,34.7,26,0.185787048,NA,NA,NA,NA,NA,NA,"","darkblue","Soya SC",2014-02-12,"SD_2014.02.12"
"SD","S","D","2014.02.12","13:20","R",40.3,34.7,26,0.201148884,NA,NA,NA,NA,NA,NA,"","darkblue","Soya SC",2014-02-12,"SD_2014.02.12"
"SD","S","E","2014.02.12","13:20","R",40.3,34.7,27,0.184846506,NA,NA,NA,NA,NA,NA,"","darkblue","Soya SC",2014-02-12,"SD_2014.02.12"
"SM","S","A","2014.02.12","8:10","I",23.7,29.7,25,0.248178266,NA,NA,NA,NA,NA,1,"2014.02.11","darkblue","Soya SC",2014-02-12,"SM_2014.02.12"
"SM","S","B","2014.02.12","8:10","R",23.7,29.7,25,0.274615146,NA,NA,NA,NA,NA,1,"2014.02.11","darkblue","Soya SC",2014-02-12,"SM_2014.02.12"
"SM","S","C","2014.02.12","8:10","I",23.7,29.7,25,0.23714828,NA,NA,NA,NA,NA,1,"2014.02.11","darkblue","Soya SC",2014-02-12,"SM_2014.02.12"
"SM","S","D","2014.02.12","8:10","R",23.7,29.7,26,0.25702732,NA,NA,NA,NA,NA,1,"2014.02.11","darkblue","Soya SC",2014-02-12,"SM_2014.02.12"
"SM","S","E","2014.02.12","8:10","R",23.7,29.7,25,0.248496994,NA,NA,NA,NA,NA,1,"2014.02.11","darkblue","Soya SC",2014-02-12,"SM_2014.02.12"
"M3","M","A","2014.02.14","9:15","R",33.3,34,27,0.19459913,NA,NA,NA,NA,NA,NA,"","darkorange","Soya/Maize DC",2014-02-14,"M3_2014.02.14"
"M3","M","B","2014.02.14","9:15","R",33.3,34,24,0.21222232,NA,NA,NA,NA,NA,NA,"","darkorange","Soya/Maize DC",2014-02-14,"M3_2014.02.14"
"M3","M","C","2014.02.14","9:15","I",33.3,34,26,0.228695848,NA,NA,NA,NA,NA,NA,"","darkorange","Soya/Maize DC",2014-02-14,"M3_2014.02.14"
"M3","M","D","2014.02.14","9:15","I",33.3,34,26,0.198806891,NA,NA,NA,NA,NA,NA,"","darkorange","Soya/Maize DC",2014-02-14,"M3_2014.02.14"
"M3","M","E","2014.02.14","9:15","R",33.3,34,26,0.231755166,NA,NA,NA,NA,NA,NA,"","darkorange","Soya/Maize DC",2014-02-14,"M3_2014.02.14"
"SM","S","A","2014.02.14","7:50","R",25.3,36.3,24,0.283754376,NA,NA,NA,NA,NA,NA,"","darkblue","Soya SC",2014-02-14,"SM_2014.02.14"
"SM","S","B","2014.02.14","7:50","I",25.3,36.3,25,0.297944921,NA,NA,NA,NA,NA,NA,"","darkblue","Soya SC",2014-02-14,"SM_2014.02.14"
"SM","S","C","2014.02.14","7:50","R",25.3,36.3,26,0.263273234,NA,NA,NA,NA,NA,NA,"","darkblue","Soya SC",2014-02-14,"SM_2014.02.14"
"SM","S","D","2014.02.14","7:50","I",25.3,36.3,26,0.282923223,NA,NA,NA,NA,NA,NA,"","darkblue","Soya SC",2014-02-14,"SM_2014.02.14"
"SM","S","E","2014.02.14","7:50","I",25.3,36.3,27,0.245691075,NA,NA,NA,NA,NA,NA,"","darkblue","Soya SC",2014-02-14,"SM_2014.02.14"
"M3","M","A","2014.02.18","14:15","I",28.3,28.7,22,0.281458866,NA,NA,NA,NA,NA,NA,"","darkorange","Soya/Maize DC",2014-02-18,"M3_2014.02.18"
"M3","M","B","2014.02.18","14:15","R",28.3,28.7,26,0.260712403,NA,NA,NA,NA,NA,NA,"","darkorange","Soya/Maize DC",2014-02-18,"M3_2014.02.18"
"M3","M","C","2014.02.18","14:15","I",28.3,28.7,25,0.30091926,NA,NA,NA,NA,NA,NA,"","darkorange","Soya/Maize DC",2014-02-18,"M3_2014.02.18"
"M3","M","D","2014.02.18","14:15","R",28.3,28.7,26,0.243685858,NA,NA,NA,NA,NA,NA,"","darkorange","Soya/Maize DC",2014-02-18,"M3_2014.02.18"
"M3","M","E","2014.02.18","14:15","R",28.3,28.7,26,0.264844275,NA,NA,NA,NA,NA,NA,"","darkorange","Soya/Maize DC",2014-02-18,"M3_2014.02.18"
"F2","F","A","2014.02.20","9:35","F",26.5,25.5,24,0.494417406,NA,NA,NA,NA,NA,NA,"","darkgreen","Forest",2014-02-20,"F2_2014.02.20"
"F2","F","B","2014.02.20","9:35","F",26.5,25.5,24,0.390472354,NA,NA,NA,NA,NA,NA,"","darkgreen","Forest",2014-02-20,"F2_2014.02.20"
"F2","F","C","2014.02.20","9:35","F",26.5,25.5,24,0.172361917,NA,NA,NA,NA,NA,NA,"","darkgreen","Forest",2014-02-20,"F2_2014.02.20"
"F2","F","D","2014.02.20","9:35","F",26.5,25.5,24,0.594170603,NA,NA,NA,NA,NA,NA,"","darkgreen","Forest",2014-02-20,"F2_2014.02.20"
"F2","F","E","2014.02.20","9:35","F",26.5,25.5,25,0.437277444,NA,NA,NA,NA,NA,NA,"","darkgreen","Forest",2014-02-20,"F2_2014.02.20"
"SM","S","A","2014.02.20","7:55","R",25,32.3,25,0.109493826,NA,NA,NA,NA,NA,NA,"","darkblue","Soya SC",2014-02-20,"SM_2014.02.20"
"SM","S","B","2014.02.20","7:55","R",25,32.3,23,0.692157501,NA,NA,NA,NA,NA,NA,"","darkblue","Soya SC",2014-02-20,"SM_2014.02.20"
"SM","S","C","2014.02.20","7:55","I",25,32.3,24,0.119428017,NA,NA,NA,NA,NA,NA,"","darkblue","Soya SC",2014-02-20,"SM_2014.02.20"
"SM","S","D","2014.02.20","7:55","I",25,32.3,23,0.021784843,NA,NA,NA,NA,NA,NA,"","darkblue","Soya SC",2014-02-20,"SM_2014.02.20"
"SM","S","E","2014.02.20","7:55","R",25,32.3,24,-0.08262592,NA,NA,NA,NA,NA,NA,"","darkblue","Soya SC",2014-02-20,"SM_2014.02.20"
"M3","M","A","2014.02.21","8:00","I",25.5,27,26,0.221573663,NA,NA,NA,NA,NA,NA,"","darkorange","Soya/Maize DC",2014-02-21,"M3_2014.02.21"
"M3","M","B","2014.02.21","8:00","R",25.5,27,26,0.228395589,NA,NA,NA,NA,NA,NA,"","darkorange","Soya/Maize DC",2014-02-21,"M3_2014.02.21"
"M3","M","C","2014.02.21","8:00","R",25.5,27,25,0.266344244,NA,NA,NA,NA,NA,NA,"","darkorange","Soya/Maize DC",2014-02-21,"M3_2014.02.21"
"M3","M","D","2014.02.21","8:00","I",25.5,27,26,0.215556906,NA,NA,NA,NA,NA,NA,"","darkorange","Soya/Maize DC",2014-02-21,"M3_2014.02.21"
"M3","M","E","2014.02.21","8:00","R",25.5,27,26,0.226947504,NA,NA,NA,NA,NA,NA,"","darkorange","Soya/Maize DC",2014-02-21,"M3_2014.02.21"
"SM","S","A","2014.02.24","13:00","R",23,22.5,26,0.380969841,NA,NA,NA,NA,NA,NA,"","darkblue","Soya SC",2014-02-24,"SM_2014.02.24"
"SM","S","B","2014.02.24","13:00","I",23,22.5,26,0.379133962,NA,NA,NA,NA,NA,NA,"","darkblue","Soya SC",2014-02-24,"SM_2014.02.24"
"SM","S","C","2014.02.24","13:00","R",23,22.5,26,0.352187724,NA,NA,NA,NA,NA,NA,"","darkblue","Soya SC",2014-02-24,"SM_2014.02.24"
"SM","S","D","2014.02.24","13:00","I",23,22.5,26,0.370296574,NA,NA,NA,NA,NA,NA,"","darkblue","Soya SC",2014-02-24,"SM_2014.02.24"
"SM","S","E","2014.02.24","13:00","R",23,22.5,26,0.395946332,NA,NA,NA,NA,NA,NA,"","darkblue","Soya SC",2014-02-24,"SM_2014.02.24"
"F2","F","A","2014.02.25","9:40","F",24,24,24,0.286777961,NA,NA,NA,NA,NA,NA,"","darkgreen","Forest",2014-02-25,"F2_2014.02.25"
"F2","F","B","2014.02.25","9:40","F",24,24,23,0.284495937,NA,NA,NA,NA,NA,NA,"","darkgreen","Forest",2014-02-25,"F2_2014.02.25"
"F2","F","C","2014.02.25","9:40","F",24,24,24,0.366031829,NA,NA,NA,NA,NA,NA,"","darkgreen","Forest",2014-02-25,"F2_2014.02.25"
"F2","F","D","2014.02.25","9:40","F",24,24,24,0.315798448,NA,NA,NA,NA,NA,NA,"","darkgreen","Forest",2014-02-25,"F2_2014.02.25"
"F2","F","E","2014.02.25","9:40","F",24,24,24,0.397903899,NA,NA,NA,NA,NA,NA,"","darkgreen","Forest",2014-02-25,"F2_2014.02.25"
"M3","M","A","2014.02.25","8:00","R",23.5,26.5,24,0.214378406,NA,NA,NA,NA,NA,NA,"","darkorange","Soya/Maize DC",2014-02-25,"M3_2014.02.25"
"M3","M","B","2014.02.25","8:00","R",23.5,26.5,25,0.214142946,NA,NA,NA,NA,NA,NA,"","darkorange","Soya/Maize DC",2014-02-25,"M3_2014.02.25"
"M3","M","C","2014.02.25","8:00","I",23.5,26.5,24,0.242133507,NA,NA,NA,NA,NA,NA,"","darkorange","Soya/Maize DC",2014-02-25,"M3_2014.02.25"
"M3","M","D","2014.02.25","8:00","I",23.5,26.5,24,0.215900343,NA,NA,NA,NA,NA,NA,"","darkorange","Soya/Maize DC",2014-02-25,"M3_2014.02.25"
"M3","M","E","2014.02.25","8:00","R",23.5,26.5,24,0.193770304,NA,NA,NA,NA,NA,NA,"","darkorange","Soya/Maize DC",2014-02-25,"M3_2014.02.25"
"F2","F","A","2014.03.06","15:15","F",32,28,25,0.206234512,NA,NA,NA,NA,NA,NA,"","darkgreen","Forest",2014-03-06,"F2_2014.03.06"
"F2","F","B","2014.03.06","15:15","F",32,28,26,0.246179909,NA,NA,NA,NA,NA,NA,"","darkgreen","Forest",2014-03-06,"F2_2014.03.06"
"F2","F","C","2014.03.06","15:15","F",32,28,25,0.299057592,NA,NA,NA,NA,NA,NA,"","darkgreen","Forest",2014-03-06,"F2_2014.03.06"
"F2","F","D","2014.03.06","15:15","F",32,28,25,0.202900215,NA,NA,NA,NA,NA,NA,"","darkgreen","Forest",2014-03-06,"F2_2014.03.06"
"F2","F","E","2014.03.06","15:15","F",32,28,25,0.23287792,NA,NA,NA,NA,NA,NA,"","darkgreen","Forest",2014-03-06,"F2_2014.03.06"
"M1","M","A","2014.03.06","8:00","I",24.5,27,27,0.291093729,NA,NA,NA,NA,NA,1.5,"2014.03.04","darkorange","Soya/Maize DC",2014-03-06,"M1_2014.03.06"
"M1","M","B","2014.03.06","8:00","R",24.5,27,26,0.237031389,NA,NA,NA,NA,NA,1.5,"2014.03.04","darkorange","Soya/Maize DC",2014-03-06,"M1_2014.03.06"
"M1","M","C","2014.03.06","8:00","R",24.5,27,27,0.293896049,NA,NA,NA,NA,NA,1.5,"2014.03.04","darkorange","Soya/Maize DC",2014-03-06,"M1_2014.03.06"
"M1","M","D","2014.03.06","8:00","R",24.5,27,26,0.268557593,NA,NA,NA,NA,NA,1.5,"2014.03.04","darkorange","Soya/Maize DC",2014-03-06,"M1_2014.03.06"
"M1","M","E","2014.03.06","8:00","I",24.5,27,26,0.305721993,NA,NA,NA,NA,NA,1.5,"2014.03.04","darkorange","Soya/Maize DC",2014-03-06,"M1_2014.03.06"
"M2","M","A","2014.03.06","10:00","I",31,42.5,27,0.18298348,NA,NA,NA,NA,NA,1,"2014.03.05","darkorange","Soya/Maize DC",2014-03-06,"M2_2014.03.06"
"M2","M","B","2014.03.06","10:00","R",31,42.5,28,0.188844892,NA,NA,NA,NA,NA,1,"2014.03.05","darkorange","Soya/Maize DC",2014-03-06,"M2_2014.03.06"
"M2","M","C","2014.03.06","10:00","R",31,42.5,27,0.178268957,NA,NA,NA,NA,NA,1,"2014.03.05","darkorange","Soya/Maize DC",2014-03-06,"M2_2014.03.06"
"M2","M","D","2014.03.06","10:00","I",31,42.5,27,0.194998303,NA,NA,NA,NA,NA,1,"2014.03.05","darkorange","Soya/Maize DC",2014-03-06,"M2_2014.03.06"
"M2","M","E","2014.03.06","10:00","R",31,42.5,28,0.183353544,NA,NA,NA,NA,NA,1,"2014.03.05","darkorange","Soya/Maize DC",2014-03-06,"M2_2014.03.06"
"SM","S","A","2014.03.06","13:40","R",36.5,35,29,0.200376148,NA,NA,NA,NA,NA,1.5,"2014.03.04","darkblue","Soya SC",2014-03-06,"SM_2014.03.06"
"SM","S","B","2014.03.06","13:40","R",36.5,35,30,0.194463289,NA,NA,NA,NA,NA,1.5,"2014.03.04","darkblue","Soya SC",2014-03-06,"SM_2014.03.06"
"SM","S","C","2014.03.06","13:40","R",36.5,35,30,0.184576369,NA,NA,NA,NA,NA,1.5,"2014.03.04","darkblue","Soya SC",2014-03-06,"SM_2014.03.06"
"SM","S","D","2014.03.06","13:40","I",36.5,35,28,0.184475292,NA,NA,NA,NA,NA,1.5,"2014.03.04","darkblue","Soya SC",2014-03-06,"SM_2014.03.06"
"SM","S","E","2014.03.06","13:40","I",36.5,35,29,0.196806433,NA,NA,NA,NA,NA,1.5,"2014.03.04","darkblue","Soya SC",2014-03-06,"SM_2014.03.06"
"M2","M","A","2014.03.07","7:55","R",25,32,26,0.198348229,NA,NA,NA,NA,NA,NA,"","darkorange","Soya/Maize DC",2014-03-07,"M2_2014.03.07"
"M2","M","B","2014.03.07","7:55","I",25,32,27,0.194703944,NA,NA,NA,NA,NA,NA,"","darkorange","Soya/Maize DC",2014-03-07,"M2_2014.03.07"
"M2","M","C","2014.03.07","7:55","R",25,32,27,0.194334151,NA,NA,NA,NA,NA,NA,"","darkorange","Soya/Maize DC",2014-03-07,"M2_2014.03.07"
"M2","M","D","2014.03.07","7:55","I",25,32,26,0.198767967,NA,NA,NA,NA,NA,NA,"","darkorange","Soya/Maize DC",2014-03-07,"M2_2014.03.07"
"M2","M","E","2014.03.07","7:55","R",25,32,27,0.210128932,NA,NA,NA,NA,NA,NA,"","darkorange","Soya/Maize DC",2014-03-07,"M2_2014.03.07"
"SM","S","A","2014.03.07","9:30","I",31,41,27,0.272028873,NA,NA,NA,NA,NA,NA,"","darkblue","Soya SC",2014-03-07,"SM_2014.03.07"
"SM","S","B","2014.03.07","9:30","I",31,41,27,0.267773299,NA,NA,NA,NA,NA,NA,"","darkblue","Soya SC",2014-03-07,"SM_2014.03.07"
"SM","S","C","2014.03.07","9:30","R",31,41,27,0.288556497,NA,NA,NA,NA,NA,NA,"","darkblue","Soya SC",2014-03-07,"SM_2014.03.07"
"SM","S","D","2014.03.07","9:30","I",31,41,27,0.297983801,NA,NA,NA,NA,NA,NA,"","darkblue","Soya SC",2014-03-07,"SM_2014.03.07"
"SM","S","E","2014.03.07","9:30","R",31,41,27,0.281926741,NA,NA,NA,NA,NA,NA,"","darkblue","Soya SC",2014-03-07,"SM_2014.03.07"
"M1","M","A","2014.03.10","9:40","R",28,29.5,27,NA,NA,NA,NA,NA,NA,NA,"","darkorange","Soya/Maize DC",2014-03-10,"M1_2014.03.10"
"M1","M","B","2014.03.10","9:40","R",28,29.5,26,NA,NA,NA,NA,NA,NA,NA,"","darkorange","Soya/Maize DC",2014-03-10,"M1_2014.03.10"
"M1","M","C","2014.03.10","9:40","I",28,29.5,26,NA,NA,NA,NA,NA,NA,NA,"","darkorange","Soya/Maize DC",2014-03-10,"M1_2014.03.10"
"M1","M","D","2014.03.10","9:40","R",28,29.5,27,NA,NA,NA,NA,NA,NA,NA,"","darkorange","Soya/Maize DC",2014-03-10,"M1_2014.03.10"
"M1","M","E","2014.03.10","9:40","R",28,29.5,28,NA,NA,NA,NA,NA,NA,NA,"","darkorange","Soya/Maize DC",2014-03-10,"M1_2014.03.10"
"M2","M","A","2014.03.10","14:30","I",37,29,30,NA,NA,NA,NA,NA,NA,NA,"","darkorange","Soya/Maize DC",2014-03-10,"M2_2014.03.10"
"M2","M","B","2014.03.10","14:30","R",37,29,31,NA,NA,NA,NA,NA,NA,NA,"","darkorange","Soya/Maize DC",2014-03-10,"M2_2014.03.10"
"M2","M","C","2014.03.10","14:30","R",37,29,30,NA,NA,NA,NA,NA,NA,NA,"","darkorange","Soya/Maize DC",2014-03-10,"M2_2014.03.10"
"M2","M","D","2014.03.10","14:30","I",37,29,30,NA,NA,NA,NA,NA,NA,NA,"","darkorange","Soya/Maize DC",2014-03-10,"M2_2014.03.10"
"M2","M","E","2014.03.10","14:30","I",37,29,30,NA,NA,NA,NA,NA,NA,NA,"","darkorange","Soya/Maize DC",2014-03-10,"M2_2014.03.10"
"SM","S","A","2014.03.10","11:00","R",30,40,29,NA,NA,NA,NA,NA,NA,NA,"","darkblue","Soya SC",2014-03-10,"SM_2014.03.10"
"SM","S","B","2014.03.10","11:00","I",30,40,29,NA,NA,NA,NA,NA,NA,NA,"","darkblue","Soya SC",2014-03-10,"SM_2014.03.10"
"SM","S","C","2014.03.10","11:00","I",30,40,29,NA,NA,NA,NA,NA,NA,NA,"","darkblue","Soya SC",2014-03-10,"SM_2014.03.10"
"SM","S","D","2014.03.10","11:00","I",30,40,28,NA,NA,NA,NA,NA,NA,NA,"","darkblue","Soya SC",2014-03-10,"SM_2014.03.10"
"SM","S","E","2014.03.10","11:00","R",30,40,28,NA,NA,NA,NA,NA,NA,NA,"","darkblue","Soya SC",2014-03-10,"SM_2014.03.10"
"F2","F","A","2014.03.11","13:55","F",28,29,26,NA,NA,NA,NA,NA,NA,NA,"","darkgreen","Forest",2014-03-11,"F2_2014.03.11"
"F2","F","B","2014.03.11","13:55","F",28,29,26,NA,NA,NA,NA,NA,NA,NA,"","darkgreen","Forest",2014-03-11,"F2_2014.03.11"
"F2","F","C","2014.03.11","13:55","F",28,29,25,NA,NA,NA,NA,NA,NA,NA,"","darkgreen","Forest",2014-03-11,"F2_2014.03.11"
"F2","F","D","2014.03.11","13:55","F",28,29,25,NA,NA,NA,NA,NA,NA,NA,"","darkgreen","Forest",2014-03-11,"F2_2014.03.11"
"F2","F","E","2014.03.11","13:55","F",28,29,25,NA,NA,NA,NA,NA,NA,NA,"","darkgreen","Forest",2014-03-11,"F2_2014.03.11"
"M1","M","A","2014.03.13","8:22","I",27.5,40.5,25,NA,NA,NA,NA,NA,NA,NA,"","darkorange","Soya/Maize DC",2014-03-13,"M1_2014.03.13"
"M1","M","B","2014.03.13","8:22","R",27.5,40.5,25,NA,NA,NA,NA,NA,NA,NA,"","darkorange","Soya/Maize DC",2014-03-13,"M1_2014.03.13"
"M1","M","C","2014.03.13","8:22","I",27.5,40.5,25,NA,NA,NA,NA,NA,NA,NA,"","darkorange","Soya/Maize DC",2014-03-13,"M1_2014.03.13"
"M1","M","D","2014.03.13","8:22","R",27.5,40.5,25,NA,NA,NA,NA,NA,NA,NA,"","darkorange","Soya/Maize DC",2014-03-13,"M1_2014.03.13"
"M1","M","E","2014.03.13","8:22","R",27.5,40.5,26,NA,NA,NA,NA,NA,NA,NA,"","darkorange","Soya/Maize DC",2014-03-13,"M1_2014.03.13"
"M2","M","A","2014.03.13","13:50","R",35,52.5,30,NA,NA,NA,NA,NA,NA,NA,"","darkorange","Soya/Maize DC",2014-03-13,"M2_2014.03.13"
"M2","M","B","2014.03.13","13:50","I",35,52.5,30,NA,NA,NA,NA,NA,NA,NA,"","darkorange","Soya/Maize DC",2014-03-13,"M2_2014.03.13"
"M2","M","C","2014.03.13","13:50","I",35,52.5,30,NA,NA,NA,NA,NA,NA,NA,"","darkorange","Soya/Maize DC",2014-03-13,"M2_2014.03.13"
"M2","M","D","2014.03.13","13:50","R",35,52.5,32,NA,NA,NA,NA,NA,NA,NA,"","darkorange","Soya/Maize DC",2014-03-13,"M2_2014.03.13"
"M2","M","E","2014.03.13","13:50","R",35,52.5,30,NA,NA,NA,NA,NA,NA,NA,"","darkorange","Soya/Maize DC",2014-03-13,"M2_2014.03.13"
"SM","S","A","2014.03.13","10:00","R",44.5,40,28,NA,NA,NA,NA,NA,NA,NA,"","darkblue","Soya SC",2014-03-13,"SM_2014.03.13"
"SM","S","B","2014.03.13","10:00","I",44.5,40,27,NA,NA,NA,NA,NA,NA,NA,"","darkblue","Soya SC",2014-03-13,"SM_2014.03.13"
"SM","S","C","2014.03.13","10:00","R",44.5,40,26,NA,NA,NA,NA,NA,NA,NA,"","darkblue","Soya SC",2014-03-13,"SM_2014.03.13"
"SM","S","D","2014.03.13","10:00","R",44.5,40,28,NA,NA,NA,NA,NA,NA,NA,"","darkblue","Soya SC",2014-03-13,"SM_2014.03.13"
"SM","S","E","2014.03.13","10:00","R",44.5,40,28,NA,NA,NA,NA,NA,NA,NA,"","darkblue","Soya SC",2014-03-13,"SM_2014.03.13"
"M2","M","A","2014.03.18","8:35","R",31,37.5,25,0.201461056,NA,NA,NA,NA,NA,NA,"","darkorange","Soya/Maize DC",2014-03-18,"M2_2014.03.18"
"M2","M","B","2014.03.18","8:35","R",31,37.5,27,0.202893916,NA,NA,NA,NA,NA,NA,"","darkorange","Soya/Maize DC",2014-03-18,"M2_2014.03.18"
"M2","M","C","2014.03.18","8:35","I",31,37.5,27,0.200845448,NA,NA,NA,NA,NA,NA,"","darkorange","Soya/Maize DC",2014-03-18,"M2_2014.03.18"
"M2","M","D","2014.03.18","8:35","I",31,37.5,27,0.20640542,NA,NA,NA,NA,NA,NA,"","darkorange","Soya/Maize DC",2014-03-18,"M2_2014.03.18"
"M2","M","E","2014.03.18","8:35","I",31,37.5,27,0.22608044,NA,NA,NA,NA,NA,NA,"","darkorange","Soya/Maize DC",2014-03-18,"M2_2014.03.18"
"SM","S","A","2014.03.18","10:15","R",34,34.5,25,0.250857678,NA,NA,NA,NA,NA,NA,"","darkblue","Soya SC",2014-03-18,"SM_2014.03.18"
"SM","S","B","2014.03.18","10:15","I",34,34.5,27,0.217494254,NA,NA,NA,NA,NA,NA,"","darkblue","Soya SC",2014-03-18,"SM_2014.03.18"
"SM","S","C","2014.03.18","10:15","I",34,34.5,27,0.237357678,NA,NA,NA,NA,NA,NA,"","darkblue","Soya SC",2014-03-18,"SM_2014.03.18"
"SM","S","D","2014.03.18","10:15","I",34,34.5,26,0.241795469,NA,NA,NA,NA,NA,NA,"","darkblue","Soya SC",2014-03-18,"SM_2014.03.18"
"SM","S","E","2014.03.18","10:15","R",34,34.5,27,0.194805195,NA,NA,NA,NA,NA,NA,"","darkblue","Soya SC",2014-03-18,"SM_2014.03.18"
"F2","F","A","2014.03.20","10:25","F",36.5,29.5,25,0.207754761,NA,NA,NA,NA,NA,NA,"","darkgreen","Forest",2014-03-20,"F2_2014.03.20"
"F2","F","B","2014.03.20","10:25","F",36.5,29.5,25,0.197259433,NA,NA,NA,NA,NA,NA,"","darkgreen","Forest",2014-03-20,"F2_2014.03.20"
"F2","F","C","2014.03.20","10:25","F",36.5,29.5,25,0.221475077,NA,NA,NA,NA,NA,NA,"","darkgreen","Forest",2014-03-20,"F2_2014.03.20"
"F2","F","D","2014.03.20","10:25","F",36.5,29.5,24,0.234729126,NA,NA,NA,NA,NA,NA,"","darkgreen","Forest",2014-03-20,"F2_2014.03.20"
"F2","F","E","2014.03.20","10:25","F",36.5,29.5,25,0.23071318,NA,NA,NA,NA,NA,NA,"","darkgreen","Forest",2014-03-20,"F2_2014.03.20"
"M1","M","A","2014.03.20","8:35","R",34.5,39,27,0.192910894,NA,NA,NA,NA,NA,NA,"","darkorange","Soya/Maize DC",2014-03-20,"M1_2014.03.20"
"M1","M","B","2014.03.20","8:35","R",34.5,39,29,0.187485848,NA,NA,NA,NA,NA,NA,"","darkorange","Soya/Maize DC",2014-03-20,"M1_2014.03.20"
"M1","M","C","2014.03.20","8:35","I",34.5,39,27,0.19427284,NA,NA,NA,NA,NA,NA,"","darkorange","Soya/Maize DC",2014-03-20,"M1_2014.03.20"
"M1","M","D","2014.03.20","8:35","I",34.5,39,27,0.198699358,NA,NA,NA,NA,NA,NA,"","darkorange","Soya/Maize DC",2014-03-20,"M1_2014.03.20"
"M1","M","E","2014.03.20","8:35","R",34.5,39,27,0.196641336,NA,NA,NA,NA,NA,NA,"","darkorange","Soya/Maize DC",2014-03-20,"M1_2014.03.20"
"F1","F","A","2014.03.25","9:00","F",23.5,24,23,0.261103492,NA,NA,NA,NA,NA,NA,"","darkgreen","Forest",2014-03-25,"F1_2014.03.25"
"F1","F","B","2014.03.25","9:00","F",23.5,24,22,0.333472237,NA,NA,NA,NA,NA,NA,"","darkgreen","Forest",2014-03-25,"F1_2014.03.25"
"F1","F","C","2014.03.25","9:00","F",23.5,24,23,0.272551032,NA,NA,NA,NA,NA,NA,"","darkgreen","Forest",2014-03-25,"F1_2014.03.25"
"F1","F","D","2014.03.25","9:00","F",23.5,24,24,0.264053553,NA,NA,NA,NA,NA,NA,"","darkgreen","Forest",2014-03-25,"F1_2014.03.25"
"SD","S","A","2014.03.25","10:30","I",35.5,39.5,25,0.141178147,NA,NA,NA,NA,NA,NA,"","darkblue","Soya SC",2014-03-25,"SD_2014.03.25"
"SD","S","B","2014.03.25","10:30","R",35.5,39.5,25,0.133540143,NA,NA,NA,NA,NA,NA,"","darkblue","Soya SC",2014-03-25,"SD_2014.03.25"
"SD","S","C","2014.03.25","10:30","I",35.5,39.5,26,0.129742717,NA,NA,NA,NA,NA,NA,"","darkblue","Soya SC",2014-03-25,"SD_2014.03.25"
"SD","S","D","2014.03.25","10:30","R",35.5,39.5,25,0.119823368,NA,NA,NA,NA,NA,NA,"","darkblue","Soya SC",2014-03-25,"SD_2014.03.25"
"SD","S","E","2014.03.25","10:30","I",35.5,39.5,26,0.123013131,NA,NA,NA,NA,NA,NA,"","darkblue","Soya SC",2014-03-25,"SD_2014.03.25"
"S1","S","A","2014.03.26","10:30","I",37.5,49,27,0.18463947,NA,NA,NA,NA,NA,NA,"","darkblue","Soya SC",2014-03-26,"S1_2014.03.26"
"S1","S","B","2014.03.26","10:30","I",37.5,49,27,0.181309457,NA,NA,NA,NA,NA,NA,"","darkblue","Soya SC",2014-03-26,"S1_2014.03.26"
"S1","S","C","2014.03.26","10:30","I",37.5,49,27,0.191810512,NA,NA,NA,NA,NA,NA,"","darkblue","Soya SC",2014-03-26,"S1_2014.03.26"
"S1","S","D","2014.03.26","10:30","R",37.5,49,27,0.184438602,NA,NA,NA,NA,NA,NA,"","darkblue","Soya SC",2014-03-26,"S1_2014.03.26"
"S1","S","E","2014.03.26","10:30","R",37.5,49,27,0.202370673,NA,NA,NA,NA,NA,NA,"","darkblue","Soya SC",2014-03-26,"S1_2014.03.26"
"SM","S","A","2014.03.26","9:00","I",27,36.5,25,0.230163537,NA,NA,NA,NA,NA,NA,"","darkblue","Soya SC",2014-03-26,"SM_2014.03.26"
"SM","S","B","2014.03.26","9:00","R",27,36.5,26,0.238095238,NA,NA,NA,NA,NA,NA,"","darkblue","Soya SC",2014-03-26,"SM_2014.03.26"
"SM","S","C","2014.03.26","9:00","R",27,36.5,26,0.234639878,NA,NA,NA,NA,NA,NA,"","darkblue","Soya SC",2014-03-26,"SM_2014.03.26"
"SM","S","D","2014.03.26","9:00","I",27,36.5,27,0.239353048,NA,NA,NA,NA,NA,NA,"","darkblue","Soya SC",2014-03-26,"SM_2014.03.26"
"SM","S","E","2014.03.26","9:00","I",27,36.5,26,0.224893529,NA,NA,NA,NA,NA,NA,"","darkblue","Soya SC",2014-03-26,"SM_2014.03.26"
"M1","M","A","2014.03.27","10:00","R",32,37.5,25,0.243005131,NA,NA,NA,NA,NA,NA,"","darkorange","Soya/Maize DC",2014-03-27,"M1_2014.03.27"
"M1","M","B","2014.03.27","10:00","R",32,37.5,26,0.231392522,NA,NA,NA,NA,NA,NA,"","darkorange","Soya/Maize DC",2014-03-27,"M1_2014.03.27"
"M1","M","C","2014.03.27","10:00","R",32,37.5,27,0.230468482,NA,NA,NA,NA,NA,NA,"","darkorange","Soya/Maize DC",2014-03-27,"M1_2014.03.27"
"M1","M","D","2014.03.27","10:00","I",32,37.5,27,0.226623333,NA,NA,NA,NA,NA,NA,"","darkorange","Soya/Maize DC",2014-03-27,"M1_2014.03.27"
"M1","M","E","2014.03.27","10:00","I",32,37.5,28,0.274489691,NA,NA,NA,NA,NA,NA,"","darkorange","Soya/Maize DC",2014-03-27,"M1_2014.03.27"
"M2","M","A","2014.04.01","14:00","R",24,24,25,0.341271608,NA,NA,NA,NA,NA,NA,"","darkorange","Soya/Maize DC",2014-04-01,"M2_2014.04.01"
"M2","M","B","2014.04.01","14:00","I",24,24,26,0.361161003,NA,NA,NA,NA,NA,NA,"","darkorange","Soya/Maize DC",2014-04-01,"M2_2014.04.01"
"M2","M","C","2014.04.01","14:00","R",24,24,26,0.498369404,NA,NA,NA,NA,NA,NA,"","darkorange","Soya/Maize DC",2014-04-01,"M2_2014.04.01"
"M2","M","D","2014.04.01","14:00","R",24,24,26,0.37482364,NA,NA,NA,NA,NA,NA,"","darkorange","Soya/Maize DC",2014-04-01,"M2_2014.04.01"
"M2","M","E","2014.04.01","14:00","I",24,24,26,0.350253807,NA,NA,NA,NA,NA,NA,"","darkorange","Soya/Maize DC",2014-04-01,"M2_2014.04.01"
"F3","F","A","2014.04.02","9:55","F",26.5,26,24,0.260350238,NA,NA,NA,NA,NA,NA,"","darkgreen","Forest",2014-04-02,"F3_2014.04.02"
"F3","F","B","2014.04.02","9:55","F",26.5,26,25,0.287866949,NA,NA,NA,NA,NA,NA,"","darkgreen","Forest",2014-04-02,"F3_2014.04.02"
"F3","F","C","2014.04.02","9:55","F",26.5,26,23.5,0.27334903,NA,NA,NA,NA,NA,NA,"","darkgreen","Forest",2014-04-02,"F3_2014.04.02"
"F3","F","D","2014.04.02","9:55","F",26.5,26,24,0.266892228,NA,NA,NA,NA,NA,NA,"","darkgreen","Forest",2014-04-02,"F3_2014.04.02"
"M3","M","A","2014.04.02","8:00","R",24.5,26,25,0.208126858,NA,NA,NA,NA,NA,NA,"","darkorange","Soya/Maize DC",2014-04-02,"M3_2014.04.02"
"M3","M","B","2014.04.02","8:00","R",24.5,26,25,0.192895905,NA,NA,NA,NA,NA,NA,"","darkorange","Soya/Maize DC",2014-04-02,"M3_2014.04.02"
"M3","M","C","2014.04.02","8:00","R",24.5,26,24,0.229778515,NA,NA,NA,NA,NA,NA,"","darkorange","Soya/Maize DC",2014-04-02,"M3_2014.04.02"
"M3","M","D","2014.04.02","8:00","I",24.5,26,24,0.209960442,NA,NA,NA,NA,NA,NA,"","darkorange","Soya/Maize DC",2014-04-02,"M3_2014.04.02"
"M3","M","E","2014.04.02","8:00","I",24.5,26,25,0.200596399,NA,NA,NA,NA,NA,NA,"","darkorange","Soya/Maize DC",2014-04-02,"M3_2014.04.02"
"F2","F","A","2014.04.03","13:30","F",28.5,27.5,24,0.250841568,NA,NA,NA,NA,NA,NA,"","darkgreen","Forest",2014-04-03,"F2_2014.04.03"
"F2","F","B","2014.04.03","13:30","F",28.5,27.5,25,0.248005394,NA,NA,NA,NA,NA,NA,"","darkgreen","Forest",2014-04-03,"F2_2014.04.03"
"F2","F","C","2014.04.03","13:30","F",28.5,27.5,25,0.26954678,NA,NA,NA,NA,NA,NA,"","darkgreen","Forest",2014-04-03,"F2_2014.04.03"
"F2","F","D","2014.04.03","13:30","F",28.5,27.5,24,0.23962029,NA,NA,NA,NA,NA,NA,"","darkgreen","Forest",2014-04-03,"F2_2014.04.03"
"M1","M","A","2014.04.07","9:55","I",31.5,36,26,NA,NA,NA,NA,NA,NA,NA,"","darkorange","Soya/Maize DC",2014-04-07,"M1_2014.04.07"
"M1","M","B","2014.04.07","9:55","R",31.5,36,26,NA,NA,NA,NA,NA,NA,NA,"","darkorange","Soya/Maize DC",2014-04-07,"M1_2014.04.07"
"M1","M","C","2014.04.07","9:55","R",31.5,36,26,NA,NA,NA,NA,NA,NA,NA,"","darkorange","Soya/Maize DC",2014-04-07,"M1_2014.04.07"
"M1","M","D","2014.04.07","9:55","R",31.5,36,26,NA,NA,NA,NA,NA,NA,NA,"","darkorange","Soya/Maize DC",2014-04-07,"M1_2014.04.07"
"M1","M","E","2014.04.07","9:55","I",31.5,36,24,NA,NA,NA,NA,NA,NA,NA,"","darkorange","Soya/Maize DC",2014-04-07,"M1_2014.04.07"
