"num","sampleID","capnotes","labelnotes","listdiffs","nitrppm","ammppm","extinc","datestr","date","Site","LUtype","Chamber","test2448","acidwashed"
"1","extr M1A_29012014",NA,NA,NA,"0.0563","0.533807","ext","29012014",2014-01-29,"M1","M","A","NA","NA"
"2","extr M1B_29012014",NA,NA,NA,"0.0563","0.5063172","ext","29012014",2014-01-29,"M1","M","B","NA","NA"
"3","extr M1C_29012014",NA,NA,NA,"0.16255","0.5160776","ext","29012014",2014-01-29,"M1","M","C","NA","NA"
"4","extr M1D_29012014",NA,NA,NA,"0.0563","0.7591152","ext","29012014",2014-01-29,"M1","M","D","NA","NA"
"5","extr M1E_29012014",NA,NA,NA,"0.0563","0.601446","ext","29012014",2014-01-29,"M1","M","E","NA","NA"
"6","extr F3A_29012014",NA,NA,NA,"0.0563","0.5393034","ext","29012014",2014-01-29,"F3","F","A","NA","NA"
"7","extr F3B_29012014",NA,NA,NA,"0.0563","0.3425614","ext","29012014",2014-01-29,"F3","F","B","NA","NA"
"8","extr F3C_29012014",NA,NA,NA,"0.6438","1.596869","ext","29012014",2014-01-29,"F3","F","C","NA","NA"
"9","extr F3D_29012014",NA,NA,NA,"0.0563","-0.1779222","ext","29012014",2014-01-29,"F3","F","D","NA","NA"
"10","extr F3E_29012014",NA,NA,NA,"0.32505","0.264135","ext","29012014",2014-01-29,"F3","F","E","NA","NA"
"11","ext bnk 29012014",NA,NA,NA,"0.0563","0.0553238","bnk","29012014",2014-01-29,"NA","NA","NA","NA","NA"
"12","ext bnk 29012014",NA,NA,NA,"0.0563","0.0475524","bnk","29012014",2014-01-29,"NA","NA","NA","NA","NA"
"13","ext bnk 29012014",NA,NA,NA,"0.0563","0.0422822","bnk","29012014",2014-01-29,"NA","NA","NA","NA","NA"
"14","extr M3A_30012014",NA,NA,NA,"0.0563","0.2732012","ext","30012014",2014-01-30,"M3","M","A","NA","NA"
"15","extr M3B_30012014",NA,NA,NA,"0.30005","0.288419","ext","30012014",2014-01-30,"M3","M","B","NA","NA"
"16","extr M3C_30012014",NA,NA,NA,"0.11255","0.4750834","ext","30012014",2014-01-30,"M3","M","C","NA","NA"
"17","extr M3D_30012014",NA,NA,NA,"0.11255","0.2064826","ext","30012014",2014-01-30,"M3","M","D","NA","NA"
"18","extr M3E_30012014",NA,NA,NA,"0.0563","0.2996302","ext","30012014",2014-01-30,"M3","M","E","NA","NA"
"19","extr S1A_30012014",NA,NA,NA,"0.0563","0.1733222","ext","30012014",2014-01-30,"S1","S","A","NA","NA"
"20","extr S1B_30012014",NA,NA,NA,"0.0563","0.2225038","ext","30012014",2014-01-30,"S1","S","B","NA","NA"
"21","extr S1C_30012014",NA,NA,NA,"0.0563","0.2000424","ext","30012014",2014-01-30,"S1","S","C","NA","NA"
"22","extr S1D_30012014",NA,NA,NA,"0.0563","0.1509154","ext","30012014",2014-01-30,"S1","S","D","NA","NA"
"23","extr S1E_30012014",NA,NA,NA,"0.0563","0.2411874","ext","30012014",2014-01-30,"S1","S","E","NA","NA"
"24","ext bnk 30012014",NA,NA,NA,"0.0563","0.0436628","bnk","30012014",2014-01-30,"NA","NA","NA","NA","NA"
"25","ext bnk 30012014",NA,NA,NA,"0.0563","0.0417466","bnk","30012014",2014-01-30,"NA","NA","NA","NA","NA"
"26","ext bnk 30012014",NA,NA,NA,"0.0563","0.0389932","bnk","30012014",2014-01-30,"NA","NA","NA","NA","NA"
"27","extr F2A_05022014",NA,NA,NA,"Sample absent","Sample absent","ext","05022014",2014-02-05,"F2","F","A","NA","NA"
"28","extr F2B_05022014",NA,NA,NA,"Sample absent","Sample absent","ext","05022014",2014-02-05,"F2","F","B","NA","NA"
"29","extr F2C_05022014",NA,NA,NA,"Sample absent","Sample absent","ext","05022014",2014-02-05,"F2","F","C","NA","NA"
"30","extr F2D_05022014",NA,NA,NA,"Sample absent","Sample absent","ext","05022014",2014-02-05,"F2","F","D","NA","NA"
"31","extr F2E_05022014",NA,NA,NA,"Sample absent","Sample absent","ext","05022014",2014-02-05,"F2","F","E","NA","NA"
"32","ext bnk 05022014",NA,NA,NA,"Sample absent","Sample absent","bnk","05022014",2014-02-05,"NA","NA","NA","NA","NA"
"33","ext bnk 05022014",NA,NA,NA,"Sample absent","Sample absent","bnk","05022014",2014-02-05,"NA","NA","NA","NA","NA"
"34","ext bnk 05022014",NA,NA,NA,"Sample absent","Sample absent","bnk","05022014",2014-02-05,"NA","NA","NA","NA","NA"
"35","extr F1A_11022014",NA,NA,NA,"0.11255","0.6082528","ext","11022014",2014-02-11,"F1","F","A","NA","NA"
"36","extr F1B_11022014",NA,NA,NA,"0.0563","0.3999824","ext","11022014",2014-02-11,"F1","F","B","NA","NA"
"37","extr F1C_11022014",NA,NA,NA,"0.0563","0.2917288","ext","11022014",2014-02-11,"F1","F","C","NA","NA"
"38","extr F1D_11022014",NA,NA,NA,"0.15005","0.4840768","ext","11022014",2014-02-11,"F1","F","D","NA","NA"
"39","extr F1E_11022014",NA,NA,NA,"0.0563","0.5006284","ext","11022014",2014-02-11,"F1","F","E","NA","NA"
"40","extr M3A_11022014",NA,NA,NA,"0.33755","0.225109","ext","11022014",2014-02-11,"M3","M","A","NA","NA"
"41","extr M3B_11022014",NA,NA,NA,"0.3688","0.2571696","ext","11022014",2014-02-11,"M3","M","B","NA","NA"
"42","extr M3C_11022014",NA,NA,NA,"0.3563","0.2189184","ext","11022014",2014-02-11,"M3","M","C","NA","NA"
"43","extr M3D_11022014",NA,NA,NA,"0.22505","0.3334614","ext","11022014",2014-02-11,"M3","M","D","NA","NA"
"44","extr M3E_11022014",NA,NA,NA,"0.53755","0.3089876","ext","11022014",2014-02-11,"M3","M","E","NA","NA"
"45","extr M1A_11022014",NA,NA,NA,"0.0563","0.2946512","ext","11022014",2014-02-11,"M1","M","A","NA","NA"
"46","extr M1B_11022014",NA,NA,NA,"0.0563","0.2162872","ext","11022014",2014-02-11,"M1","M","B","NA","NA"
"47","extr M1C_11022014",NA,NA,NA,"0.0563","0.192596","ext","11022014",2014-02-11,"M1","M","C","NA","NA"
"48","extr M1D_11022014",NA,NA,NA,"0.10005","0.3258798","ext","11022014",2014-02-11,"M1","M","D","NA","NA"
"49","extr M1E_11022014",NA,NA,NA,"Sample absent","Sample absent","ext","11022014",2014-02-11,"M1","M","E","NA","NA"
"50","ext bnk 11022014",NA,NA,NA,"0.0563","0.0567122","bnk","11022014",2014-02-11,"NA","NA","NA","NA","NA"
"51","ext bnk 11022014",NA,NA,NA,"0.1967","0.0668236","bnk","11022014",2014-02-11,"NA","NA","NA","NA","NA"
"52","ext bnk 11022014",NA,NA,NA,"0.0215","0.0642808","bnk","11022014",2014-02-11,"NA","NA","NA","NA","NA"
"53","extr S3A_12022014",NA,NA,NA,"0.2405","0.1834804","ext","12022014",2014-02-12,"S3","S","A","NA","NA"
"54","extr S3B_12022014",NA,NA,NA,"0.1967","0.1079533","ext","12022014",2014-02-12,"S3","S","B","NA","NA"
"55","extr S3C_12022014",NA,NA,NA,"0.0507","0.1600693","ext","12022014",2014-02-12,"S3","S","C","NA","NA"
"56","extr S3D_12022014",NA,NA,NA,"0.2624","0.276552","ext","12022014",2014-02-12,"S3","S","D","NA","NA"
"57","extr S3E_12022014",NA,NA,NA,"0.070118","0.1836376","ext","12022014",2014-02-12,"S3","S","E","NA","NA"
"58","extr F2A_12022014",NA,NA,NA,"0.0872","0.1902209","ext","12022014",2014-02-12,"F2","F","A","NA","NA"
"59","extr F2B_12022014",NA,NA,NA,"0.1894","0.2018524","ext","12022014",2014-02-12,"F2","F","B","NA","NA"
"60","extr F2C_12022014",NA,NA,NA,"0.1383","0.2610677","ext","12022014",2014-02-12,"F2","F","C","NA","NA"
"61","extr F2D_12022014",NA,NA,NA,"0.1967","0.2298153","ext","12022014",2014-02-12,"F2","F","D","NA","NA"
"62","extr F2E_12022014",NA,NA,NA,"Sample absent","Sample absent","ext","12022014",2014-02-12,"F2","F","E","NA","NA"
"63","extr S2A_12022014",NA,NA,NA,"0.0215","0.095135","ext","12022014",2014-02-12,"S2","S","A","NA","NA"
"64","extr S2B_12022014",NA,NA,NA,"0.0361","0.1641629","ext","12022014",2014-02-12,"S2","S","B","NA","NA"
"65","extr S2C_12022014",NA,NA,NA,"0.0215","0.1586073","ext","12022014",2014-02-12,"S2","S","C","NA","NA"
"66","extr S2D_12022014",NA,NA,NA,"0.0215","0.2077391","ext","12022014",2014-02-12,"S2","S","D","NA","NA"
"67","extr S2E_12022014",NA,NA,NA,"0.0215","0.1521702","ext","12022014",2014-02-12,"S2","S","E","NA","NA"
"68","ext bnk 12022014",NA,NA,NA,"0.0215","0.0408389","bnk","12022014",2014-02-12,"NA","NA","NA","NA","NA"
"69","ext bnk 12022014",NA,NA,NA,"0.0215","0.036956","bnk","12022014",2014-02-12,"NA","NA","NA","NA","NA"
"70","ext bnk 12022014",NA,NA,NA,"0.0215","0.0256384","bnk","12022014",2014-02-12,"NA","NA","NA","NA","NA"
"71","extr S3A_14022014",NA,NA,NA,"1.372","11.599","ext","14022014",2014-02-14,"S3","S","A","NA","NA"
"72","extr S3B_14022014",NA,NA,NA,"1.3866","1.966","ext","14022014",2014-02-14,"S3","S","B","NA","NA"
"73","extr S3C_14022014",NA,NA,NA,"0.3208","1.014","ext","14022014",2014-02-14,"S3","S","C","NA","NA"
"74","extr S3D_14022014",NA,NA,NA,"1.3501","0.919","ext","14022014",2014-02-14,"S3","S","D","NA","NA"
"75","extr S3E_14022014",NA,NA,NA,"0.6055","1.478","ext","14022014",2014-02-14,"S3","S","E","NA","NA"
"76","extr M3A_14022014",NA,NA,NA,"0.2624","0.683","ext","14022014",2014-02-14,"M3","M","A","NA","NA"
"77","extr M3B_14022014",NA,NA,NA,"0.5617","1.171","ext","14022014",2014-02-14,"M3","M","B","NA","NA"
"78","extr M3C_14022014",NA,NA,NA,"0.0799","0.507","ext","14022014",2014-02-14,"M3","M","C","NA","NA"
"79","extr M3D_14022014",NA,NA,NA,"0.204","0.509","ext","14022014",2014-02-14,"M3","M","D","NA","NA"
"80","extr M3E_14022014",NA,NA,NA,"0.3427","0.406","ext","14022014",2014-02-14,"M3","M","E","NA","NA"
"81","ext bnk 14022014",NA,NA,NA,"0.0215","0.0156538","bnk","14022014",2014-02-14,"NA","NA","NA","NA","NA"
"82","ext bnk 14022014",NA,NA,NA,"0.0215","0.0217598","bnk","14022014",2014-02-14,"NA","NA","NA","NA","NA"
"83","ext bnk 14022014",NA,NA,NA,"0.0215","0.0194378","bnk","14022014",2014-02-14,"NA","NA","NA","NA","NA"
"84","extr M3A_18022014",NA,NA,NA,"0.4887","0.6411017","ext","18022014",2014-02-18,"M3","M","A","NA","NA"
"85","extr M3B_18022014",NA,NA,NA,"0.1967","0.2763456","ext","18022014",2014-02-18,"M3","M","B","NA","NA"
"86","extr M3C_18022014",NA,NA,NA,"0.2697","0.2573525","ext","18022014",2014-02-18,"M3","M","C","NA","NA"
"87","extr M3D_18022014",NA,NA,NA,"0.2405","0.3215128","ext","18022014",2014-02-18,"M3","M","D","NA","NA"
"88","extr M3E_18022014",NA,NA,NA,"0.1967","0.2757264","ext","18022014",2014-02-18,"M3","M","E","NA","NA"
"89","ext bnk 18022014",NA,NA,NA,"0.0215","0.022078","bnk","18022014",2014-02-18,"NA","NA","NA","NA","NA"
"90","ext bnk 18022014",NA,NA,NA,"0.0215","0.0177092","bnk","18022014",2014-02-18,"NA","NA","NA","NA","NA"
"91","ext bnk 18022014",NA,NA,NA,"0.0215","0.0237163","bnk","18022014",2014-02-18,"NA","NA","NA","NA","NA"
"92","extr S3A_20022014",NA,NA,NA,"0.0872","0.2873923","ext","20022014",2014-02-20,"S3","S","A","NA","NA"
"93","extr S3B_20022014",NA,NA,NA,"0.1821","0.3657082","ext","20022014",2014-02-20,"S3","S","B","NA","NA"
"94","extr S3C_20022014",NA,NA,NA,"0.2405","0.4739908","ext","20022014",2014-02-20,"S3","S","C","NA","NA"
"95","extr S3D_20022014",NA,NA,NA,"0.4675","0.3344042","ext","20022014",2014-02-20,"S3","S","D","NA","NA"
"96","extr S3E_20022014",NA,NA,NA,"0.426871","0.3097007","ext","20022014",2014-02-20,"S3","S","E","NA","NA"
"97","extr F2A_20022014",NA,NA,NA,"0.04555","0.2053526","ext","20022014",2014-02-20,"F2","F","A","NA","NA"
"98","extr F2B_20022014",NA,NA,NA,"0.0064","0.3590518","ext","20022014",2014-02-20,"F2","F","B","NA","NA"
"99","extr F2C_20022014",NA,NA,NA,"0.01075","0.2446417","ext","20022014",2014-02-20,"F2","F","C","NA","NA"
"100","extr F2D_20022014",NA,NA,NA,"0.0064","0.212955","ext","20022014",2014-02-20,"F2","F","D","NA","NA"
"101","extr F2E_20022014",NA,NA,NA,"0.1108","0.6085894","ext","20022014",2014-02-20,"F2","F","E","NA","NA"
"102","ext bnk 20022014",NA,NA,NA,"0.0064","0.0272853","bnk","20022014",2014-02-20,"NA","NA","NA","NA","NA"
"103","ext bnk 20022014",NA,NA,NA,"-0.0023","0.0244946","bnk","20022014",2014-02-20,"NA","NA","NA","NA","NA"
"104","ext bnk 20022014",NA,NA,NA,"-0.011","0.0223919","bnk","20022014",2014-02-20,"NA","NA","NA","NA","NA"
"105","extr M3A_21022014",NA,NA,NA,"Sample absent","Sample absent","ext","21022014",2014-02-21,"M3","M","A","NA","NA"
"106","extr M3B_21022014",NA,NA,NA,"Sample absent","Sample absent","ext","21022014",2014-02-21,"M3","M","B","NA","NA"
"107","extr M3C_21022014",NA,NA,NA,"Sample absent","Sample absent","ext","21022014",2014-02-21,"M3","M","C","NA","NA"
"108","extr M3D_21022014",NA,NA,NA,"Sample absent","Sample absent","ext","21022014",2014-02-21,"M3","M","D","NA","NA"
"109","extr M3E_21022014",NA,NA,NA,"Sample absent","Sample absent","ext","21022014",2014-02-21,"M3","M","E","NA","NA"
"110","extr S3A_24022014",NA,NA,NA,"0.1108","0.3308782","ext","24022014",2014-02-24,"S3","S","A","NA","NA"
"111","extr S3B_24022014",NA,NA,NA,"0.39355","0.3671573","ext","24022014",2014-02-24,"S3","S","B","NA","NA"
"112","extr S3C_24022014",NA,NA,NA,"0.25435","0.2693882","ext","24022014",2014-02-24,"S3","S","C","NA","NA"
"113","extr S3D_24022014",NA,NA,NA,"0.163","0.3170365","ext","24022014",2014-02-24,"S3","S","D","NA","NA"
"114","extr S3E_24022014",NA,NA,NA,"0.122371","0.3655147","ext","24022014",2014-02-24,"S3","S","E","NA","NA"
"115","ext bnk 24022014",NA,NA,NA,"-0.0197","0.0290225","bnk","24022014",2014-02-24,"NA","NA","NA","NA","NA"
"116","ext bnk 24022014",NA,NA,NA,"-0.0197","0.0295385","bnk","24022014",2014-02-24,"NA","NA","NA","NA","NA"
"117","ext bnk 24022014",NA,NA,NA,"0.1543","0.0193303","bnk","24022014",2014-02-24,"NA","NA","NA","NA","NA"
"118","extr M3A_25022014",NA,NA,NA,"0.1543","0.3666413","ext","25022014",2014-02-25,"M3","M","A","NA","NA"
"119","extr M3B_25022014",NA,NA,NA,"0.12385","0.2720413","ext","25022014",2014-02-25,"M3","M","B","NA","NA"
"120","extr M3C_25022014",NA,NA,NA,"0.2761","0.4473824","ext","25022014",2014-02-25,"M3","M","C","NA","NA"
"121","extr M3D_25022014",NA,NA,NA,"0.3069","0.3375905","ext","25022014",2014-02-25,"M3","M","D","NA","NA"
"122","extr M3E_25022014",NA,NA,"2 samples, same description","0.01585","0.26304","ext","25022014",2014-02-25,"M3","M","E","NA","NA"
NA,NA,NA,NA,NA,"0.0115","0.291","-9999",NA,NA,"-9999","-9999","-9999","NA","NA"
"123","extr F2A_25022014",NA,NA,NA,"0.0019","0.2959751","ext","25022014",2014-02-25,"F2","F","A","NA","NA"
"124","extr F2B_25022014",NA,NA,NA,"0.00800000000000001","0.3029669","ext","25022014",2014-02-25,"F2","F","B","NA","NA"
"125","extr F2C_25022014",NA,NA,NA,"-0.0103","0.1901822","ext","25022014",2014-02-25,"F2","F","C","NA","NA"
"126","extr F2D_25022014",NA,NA,NA,"0.0873","0.2073134","ext","25022014",2014-02-25,"F2","F","D","NA","NA"
"127","extr F2E_25022014",NA,NA,NA,"-0.0103","0.1625547","ext","25022014",2014-02-25,"F2","F","E","NA","NA"
"128","ext bnk 25022014",NA,NA,NA,"-0.0469","0.0383191","bnk","25022014",2014-02-25,"NA","NA","NA","NA","NA"
"129","ext bnk 25022014",NA,NA,NA,"Sample absent","Sample absent","bnk","25022014",2014-02-25,"NA","NA","NA","NA","NA"
"130","ext bnk 25022014",NA,NA,NA,"-0.0591","0.0351242","bnk","25022014",2014-02-25,"NA","NA","NA","NA","NA"
"131","extr M1A_06032014",NA,NA,NA,"0.790752","0.3683914","ext","06032014",2014-03-06,"M1","M","A","NA","NA"
"132","extr M1B_06032014",NA,NA,NA,"0.6119","0.2104395","ext","06032014",2014-03-06,"M1","M","B","NA","NA"
"133","extr M1C_06032014",NA,NA,NA,"0.5997","0.3006105","ext","06032014",2014-03-06,"M1","M","C","NA","NA"
"134","extr M1D_06032014",NA,NA,NA,"0.6546","0.2846016","ext","06032014",2014-03-06,"M1","M","D","NA","NA"
"135","extr M1E_06032014",NA,NA,NA,"0.7522","0.3080753","ext","06032014",2014-03-06,"M1","M","E","NA","NA"
"136","extr M2A_06032014",NA,NA,NA,"1.8868","0.913","ext","06032014",2014-03-06,"M2","M","A","NA","NA"
"137","extr M2B_06032014",NA,NA,NA,"2.4396","0.4","ext","06032014",2014-03-06,"M2","M","B","NA","NA"
"138","extr M2C_06032014",NA,NA,NA,"1.3988","0.371","ext","06032014",2014-03-06,"M2","M","C","NA","NA"
"139","extr M2D_06032014",NA,NA,NA,"2.1186","0.656","ext","06032014",2014-03-06,"M2","M","D","NA","NA"
"140","extr M2E_06032014",NA,NA,NA,"1.8807","0.516","ext","06032014",2014-03-06,"M2","M","E","NA","NA"
"141","extr F2A_06032014",NA,NA,NA,"0.28825","0.332","ext","06032014",2014-03-06,"F2","F","A","NA","NA"
"142","extr F2B_06032014",NA,NA,NA,"0.16","0.692","ext","06032014",2014-03-06,"F2","F","B","NA","NA"
"143","extr F2C_06032014",NA,NA,NA,"Sample absent","Sample absent","ext","06032014",2014-03-06,"F2","F","C","NA","NA"
"144","extr F2D_06032014",NA,NA,NA,"0.20275","0.307","ext","06032014",2014-03-06,"F2","F","D","NA","NA"
"145","extr F2E_06032014",NA,NA,NA,"0.0916","1.03","ext","06032014",2014-03-06,"F2","F","E","NA","NA"
"146","extr S3A_06032014",NA,NA,NA,"3.7632","10.2","ext","06032014",2014-03-06,"S3","S","A","NA","NA"
"147","extr S3B_06032014",NA,NA,NA,"1.225843","10.488","ext","06032014",2014-03-06,"S3","S","B","NA","NA"
"148","extr S3C_06032014",NA,NA,NA,"1.69045","1.857","ext","06032014",2014-03-06,"S3","S","C","NA","NA"
"149","extr S3D_06032014",NA,NA,NA,"1.21165","0.518","ext","06032014",2014-03-06,"S3","S","D","NA","NA"
"150","extr S3E_06032014",NA,NA,NA,"2.5369","9.558","ext","06032014",2014-03-06,"S3","S","E","NA","NA"
"151","ext bnk 06032014",NA,NA,NA,"0.04885","0.107","bnk","06032014",2014-03-06,"NA","NA","NA","NA","NA"
"152","ext bnk 06032014",NA,NA,NA,"0.1258","0.14","bnk","06032014",2014-03-06,"NA","NA","NA","NA","NA"
"153","ext bnk 06032014",NA,NA,NA,"Sample absent","Sample absent","bnk","06032014",2014-03-06,"NA","NA","NA","NA","NA"
"154","extr S3A_07032014",NA,NA,NA,"1.0492","2.686","ext","07032014",2014-03-07,"S3","S","A","NA","NA"
"155","extr S3B_07032014",NA,NA,NA,"0.935143","0.666","ext","07032014",2014-03-07,"S3","S","B","NA","NA"
"156","extr S3C_07032014",NA,NA,NA,"0.8098","2.471","ext","07032014",2014-03-07,"S3","S","C","NA","NA"
"157","extr S3D_07032014",NA,NA,NA,"2.37445","4.013","ext","07032014",2014-03-07,"S3","S","D","NA","NA"
"158","extr S3E_07032014",NA,NA,NA,"1.1689","1.176","ext","07032014",2014-03-07,"S3","S","E","NA","NA"
"159","extr M2A_07032014",NA,NA,NA,"1.2886","0.369","ext","07032014",2014-03-07,"M2","M","A","NA","NA"
"160","extr M2B_07032014",NA,NA,NA,"2.4172","0.399","ext","07032014",2014-03-07,"M2","M","B","NA","NA"
"161","extr M2C_07032014",NA,NA,NA,"2.18635","0.365","ext","07032014",2014-03-07,"M2","M","C","NA","NA"
"162","extr M2D_07032014",NA,NA,NA,"2.11795","0.331","ext","07032014",2014-03-07,"M2","M","D","NA","NA"
"163","extr M2E_07032014",NA,NA,NA,"2.532","0.296","ext","07032014",2014-03-07,"M2","M","E","NA","NA"
"164","ext bnk 07032014",NA,NA,NA,"0.06595","0.139","bnk","07032014",2014-03-07,"NA","NA","NA","NA","NA"
"165","ext bnk 07032014",NA,NA,NA,"0.0574","0.137","bnk","07032014",2014-03-07,"NA","NA","NA","NA","NA"
"166","ext bnk 07032014",NA,NA,NA,"0.06595","0.19","bnk","07032014",2014-03-07,"NA","NA","NA","NA","NA"
"167","extr S3A_18032014",NA,NA,NA,"0.8611","0.569","ext","18032014",2014-03-18,"S3","S","A","NA","NA"
"168","extr S3B_18032014",NA,NA,NA,"0.57895","0.556","ext","18032014",2014-03-18,"S3","S","B","NA","NA"
"169","extr S3C_18032014",NA,NA,NA,"1.53655","0.536","ext","18032014",2014-03-18,"S3","S","C","NA","NA"
"170","extr S3D_18032014",NA,NA,NA,"0.76705","0.442","ext","18032014",2014-03-18,"S3","S","D","NA","NA"
"171","extr S3E_18032014",NA,NA,NA,"0.5022","0.66","ext","18032014",2014-03-18,"S3","S","E","NA","NA"
"172","extr M2A_18032014",NA,NA,NA,"0.7475","0.626","ext","18032014",2014-03-18,"M2","M","A","NA","NA"
"173","extr M2B_18032014",NA,NA,NA,"1.0151","0.529","ext","18032014",2014-03-18,"M2","M","B","NA","NA"
"174","extr M2C_18032014",NA,NA,NA,"0.6137","0.562","ext","18032014",2014-03-18,"M2","M","C","NA","NA"
"175","extr M2D_18032014",NA,NA,NA,"0.5691","0.48","ext","18032014",2014-03-18,"M2","M","D","NA","NA"
"176","extr M2E_18032014",NA,NA,NA,"0.7698","0.654","ext","18032014",2014-03-18,"M2","M","E","NA","NA"
"177","ext bnk 18032014",NA,NA,NA,"Sample absent","Sample absent","bnk","18032014",2014-03-18,"NA","NA","NA","NA","NA"
"178","ext bnk 18032014",NA,NA,NA,"Sample absent","Sample absent","bnk","18032014",2014-03-18,"NA","NA","NA","NA","NA"
"179","ext bnk 18032014",NA,NA,NA,"Sample absent","Sample absent","bnk","18032014",2014-03-18,"NA","NA","NA","NA","NA"
"180","extr M1A_20032014",NA,NA,NA,"1.3496","0.519","ext","20032014",2014-03-20,"M1","M","A","NA","NA"
"181","extr M1B_20032014",NA,NA,NA,"2.7768","2.178","ext","20032014",2014-03-20,"M1","M","B","NA","NA"
"182","extr M1C_20032014",NA,NA,NA,"1.8625","0.523","ext","20032014",2014-03-20,"M1","M","C","NA","NA"
"183","extr M1D_20032014",NA,NA,NA,"3.2005","1.529","ext","20032014",2014-03-20,"M1","M","D","NA","NA"
"184","extr M1E_20032014",NA,NA,NA,"1.8848","0.474","ext","20032014",2014-03-20,"M1","M","E","NA","NA"
"185","extr F2A_20032014",NA,NA,NA,"0.1677","0.577","ext","20032014",2014-03-20,"F2","F","A","NA","NA"
"186","extr F2B_20032014",NA,NA,NA,"0.1677","0.728","ext","20032014",2014-03-20,"F2","F","B","NA","NA"
"187","extr F2C_20032014",NA,NA,NA,"0.35725","0.329","ext","20032014",2014-03-20,"F2","F","C","NA","NA"
"188","extr F2D_20032014",NA,NA,NA,"0.6583","0.513","ext","20032014",2014-03-20,"F2","F","D","NA","NA"
"189","extr F2E_20032014",NA,NA,NA,"0.33495","0.404","ext","20032014",2014-03-20,"F2","F","E","NA","NA"
"190","ext bnk 20032014",NA,NA,NA,"0.3015","0.016","bnk","20032014",2014-03-20,"NA","NA","NA","NA","NA"
"191","ext bnk 20032014",NA,NA,NA,"0.2459","0.015","bnk","20032014",2014-03-20,"NA","NA","NA","NA","NA"
"192","ext bnk 20032014",NA,NA,NA,"0.2459","0.014","bnk","20032014",2014-03-20,"NA","NA","NA","NA","NA"
"193","extr F1A_25032014",NA,"the label might have a small (24) in a circle - can't remember","There insn´t (24)","0.1507","0.247","ext","25032014",2014-03-25,"F1","F","A","24","NA"
"194","extr F1B_25032014",NA,"the label might have a small (24) in a circle - can't remember","There insn´t (24)","0.1507","0.402","ext","25032014",2014-03-25,"F1","F","B","24","NA"
"195","extr F1C_25032014",NA,"the label might have a small (24) in a circle - can't remember","There insn´t (24)","0.2459","0.169","ext","25032014",2014-03-25,"F1","F","C","24","NA"
"196","extr F1D_25032014",NA,"the label might have a small (24) in a circle - can't remember","There insn´t (24)","0.1507","0.177","ext","25032014",2014-03-25,"F1","F","D","24","NA"
"197","extr F1E_25032014",NA,"the label might have a small (24) in a circle - can't remember",NA,"Sample absent","Sample absent","ext","25032014",2014-03-25,"F1","F","E","24","NA"
"198","extr S2A_25032014",NA,"the label might have a small (24) in a circle - can't remember","There insn´t (24)","0.3887","0.205","ext","25032014",2014-03-25,"S2","S","A","24","NA"
"199","extr S2B_25032014",NA,"the label might have a small (24) in a circle - can't remember","There insn´t (24)","0.277316","0.202","ext","25032014",2014-03-25,"S2","S","B","24","NA"
"200","extr S2C_25032014",NA,"the label might have a small (24) in a circle - can't remember","There insn´t (24)","0.2935","0.215","ext","25032014",2014-03-25,"S2","S","C","24","NA"
"201","extr S2D_25032014",NA,"the label might have a small (24) in a circle - can't remember","There insn´t (24)","0.3887","0.171","ext","25032014",2014-03-25,"S2","S","D","24","NA"
"202","extr S2E_25032014",NA,"the label might have a small (24) in a circle - can't remember","There insn´t (24)","0.2935","0.185","ext","25032014",2014-03-25,"S2","S","E","24","NA"
"203","ext bnk 25032014",NA,NA,NA,"0.1983","0.017","bnk","25032014",2014-03-25,"NA","NA","NA","NA","NA"
"204","ext bnk 25032014",NA,NA,NA,"0.2221","0.027","bnk","25032014",2014-03-25,"NA","NA","NA","NA","NA"
"205","ext bnk 25032014",NA,NA,"bnkII","0.2459","0.022","bnk","25032014",2014-03-25,"NA","NA","NA","NA","NA"
"206","extr F148A_25032014",NA,"the label has a small (48) in a circle",NA,"0.1507","0.363","ext","25032014",2014-03-25,"F1","F","A","48","NA"
"207","extr F148B_25032014",NA,"the label has a small (48) in a circle",NA,"0.2459","0.631","ext","25032014",2014-03-25,"F1","F","B","48","NA"
"208","extr F148C_25032014",NA,"the label has a small (48) in a circle",NA,"0.1983","0.242","ext","25032014",2014-03-25,"F1","F","C","48","NA"
"209","extr F148D_25032014",NA,"the label has a small (48) in a circle",NA,"0.1983","0.255","ext","25032014",2014-03-25,"F1","F","D","48","NA"
"210","extr F148E_25032014",NA,"the label has a small (48) in a circle",NA,"Sample absent","Sample absent","ext","25032014",2014-03-25,"F1","F","E","48","NA"
"211","extr S248A_25032014",NA,"the label has a small (48) in a circle",NA,"0.3411","0.296","ext","25032014",2014-03-25,"S2","S","A","48","NA"
"212","extr S248B_25032014",NA,"the label has a small (48) in a circle",NA,"0.0584","0.301","ext","25032014",2014-03-25,"S2","S","B","48","NA"
"213","extr S248C_25032014",NA,"the label has a small (48) in a circle",NA,"0.0964","0.283","ext","25032014",2014-03-25,"S2","S","C","48","NA"
"214","extr S248D_25032014",NA,"the label has a small (48) in a circle",NA,"0.1572","0.264","ext","25032014",2014-03-25,"S2","S","D","48","NA"
"215","extr S248E_25032014",NA,"the label has a small (48) in a circle",NA,"0.1648","0.254","ext","25032014",2014-03-25,"S2","S","E","48","NA"
"216","extr S3A_26032014",NA,NA,NA,"0.142","0.181","ext","26032014",2014-03-26,"S3","S","A","NA","NA"
"217","extr S3B_26032014",NA,NA,NA,"0.104","0.188","ext","26032014",2014-03-26,"S3","S","B","NA","NA"
"218","extr S3C_26032014",NA,NA,NA,"0.2332","0.207","ext","26032014",2014-03-26,"S3","S","C","NA","NA"
"219","extr S3D_26032014",NA,NA,NA,"0.2332","0.213","ext","26032014",2014-03-26,"S3","S","D","NA","NA"
"220","extr S3E_26032014",NA,NA,NA,"0.3244","0.24","ext","26032014",2014-03-26,"S3","S","E","NA","NA"
"221","extr S1A_26032014",NA,NA,NA,"0.142","0.157","ext","26032014",2014-03-26,"S1","S","A","NA","NA"
"222","extr S1B_26032014",NA,NA,NA,"0.18","0.216","ext","26032014",2014-03-26,"S1","S","B","NA","NA"
"223","extr S1C_26032014",NA,NA,"There is a  (aw)","0.2484","0.376","ext","26032014",2014-03-26,"S1","S","C","NA","acidwashedvial"
"224","extr S1D_26032014",NA,NA,"There is a  (aw)","0.37","0.312","ext","26032014",2014-03-26,"S1","S","D","NA","acidwashedvial"
"225","extr S1E_26032014",NA,NA,"There is a  (aw)","0.0584","0.29","ext","26032014",2014-03-26,"S1","S","E","NA","acidwashedvial"
"226","ext bnk 26032014",NA,NA,NA,"-0.086","0.134","bnk","26032014",2014-03-26,"NA","NA","NA","NA","NA"
"227","ext bnk 26032014",NA,NA,NA,"-0.1012","0.133","bnk","26032014",2014-03-26,"NA","NA","NA","NA","NA"
"228","ext bnk 26032014",NA,NA,NA,"-0.1012","0.134","bnk","26032014",2014-03-26,"NA","NA","NA","NA","NA"
"229","ext bnkS1 26032014",NA,NA,"There is a  (aw), there isn´t (s1)","-0.086","0.137","bnk","26032014",2014-03-26,"NA","NA","NA","NA","acidwashedvial"
"230","ext bnkS1 26032014",NA,NA,"There is a  (aw), there isn´t (s1)","-0.1012","0.134","bnk","26032014",2014-03-26,"NA","NA","NA","NA","acidwashedvial"
"231","ext bnkS1 26032014",NA,NA,"There is a  (aw), there isn´t (s1)","-0.086","0.143","bnk","26032014",2014-03-26,"NA","NA","NA","NA","acidwashedvial"
"232","extr M1A_27032014",NA,NA,NA,"Sample absent","Sample absent","ext","27032014",2014-03-27,"M1","M","A","NA","NA"
"233","extr M1B_27032014",NA,NA,NA,"Sample absent","Sample absent","ext","27032014",2014-03-27,"M1","M","B","NA","NA"
"234","extr M1C_27032014",NA,NA,NA,"Sample absent","Sample absent","ext","27032014",2014-03-27,"M1","M","C","NA","NA"
"235","extr M1D_27032014",NA,NA,NA,"Sample absent","Sample absent","ext","27032014",2014-03-27,"M1","M","D","NA","NA"
"236","extr M1E_27032014",NA,NA,NA,"Sample absent","Sample absent","ext","27032014",2014-03-27,"M1","M","E","NA","NA"
"237","ext bnk 27032014",NA,NA,NA,"Sample absent","Sample absent","bnk","27032014",2014-03-27,"NA","NA","NA","NA","NA"
"238","ext bnk 27032014",NA,NA,NA,"Sample absent","Sample absent","bnk","27032014",2014-03-27,"NA","NA","NA","NA","NA"
"239","ext bnk 27032014",NA,NA,NA,"Sample absent","Sample absent","bnk","27032014",2014-03-27,"NA","NA","NA","NA","NA"
"240","extr M2A_02042014",NA,NA,NA,"0.6968","2.446","ext","02042014",2014-04-02,"M2","M","A","NA","NA"
"241","extr M2B_02042014",NA,NA,NA,"1.282","2.847","ext","02042014",2014-04-02,"M2","M","B","NA","NA"
"242","extr M2C_02042014",NA,NA,NA,"1.7532","7.013","ext","02042014",2014-04-02,"M2","M","C","NA","NA"
"243","extr M2D_02042014",NA,NA,"2 samples, same description","1.9812","3.442","ext","02042014",2014-04-02,"M2","M","D","NA","NA"
NA,NA,NA,NA,NA,"1.738","3.484","-9999",NA,NA,"-9999","-9999","-9999","NA","NA"
"244","extr M2E_02042014",NA,NA,NA,"1.3656","2.192","ext","02042014",2014-04-02,"M2","M","E","NA","NA"
"245","extr M3A_02042014",NA,NA,NA,"0.028","0.37","ext","02042014",2014-04-02,"M3","M","A","NA","NA"
"246","extr M3B_02042014",NA,NA,NA,"0.0532","0.262","ext","02042014",2014-04-02,"M3","M","B","NA","NA"
"247","extr M3C_02042014",NA,NA,NA,"0.0532","0.302","ext","02042014",2014-04-02,"M3","M","C","NA","NA"
"248","extr M3D_02042014",NA,NA,NA,"0.0323","0.272","ext","02042014",2014-04-02,"M3","M","D","NA","NA"
"249","extr M3E_02042014",NA,NA,NA,"0.0114","0.261","ext","02042014",2014-04-02,"M3","M","E","NA","NA"
"250","extr F3A_02042014",NA,NA,NA,"0.12635","0.29","ext","02042014",2014-04-02,"F3","F","A","NA","NA"
"251","extr F3B_02042014",NA,NA,NA,"0.000949999999999999","0.356","ext","02042014",2014-04-02,"F3","F","B","NA","NA"
"252","extr F3C_02042014",NA,NA,NA,"0.2204","0.372","ext","02042014",2014-04-02,"F3","F","C","NA","NA"
"253","extr F3D_02042014",NA,NA,NA,"0.1368","0.395","ext","02042014",2014-04-02,"F3","F","D","NA","NA"
"254","extr F3E_02042014",NA,NA,NA,"Sample absent","Sample absent","ext","02042014",2014-04-02,"F3","F","E","NA","NA"
"255","ext bnk 02042014",NA,NA,NA,"0.1368","0.05","bnk","02042014",2014-04-02,"NA","NA","NA","NA","NA"
"256","ext bnk 02042014",NA,NA,"2 samples, same description","0.095","0.047","bnk","02042014",2014-04-02,"NA","NA","NA","NA","NA"
NA,NA,NA,NA,NA,"Insufficient sample volume","0.05","-9999",NA,NA,"-9999","-9999","-9999","NA","NA"
"257","ext bnk 02042014",NA,NA,NA,"0.1159","0.052","bnk","02042014",2014-04-02,"NA","NA","NA","NA","NA"
"258","extr F2A_03042014",NA,NA,NA,"0.1159","0.458","ext","03042014",2014-04-03,"F2","F","A","NA","NA"
"259","extr F2B_03042014",NA,NA,NA,"0.0532","0.99","ext","03042014",2014-04-03,"F2","F","B","NA","NA"
"260","extr F2C_03042014",NA,NA,NA,"-0.0513","0.691","ext","03042014",2014-04-03,"F2","F","C","NA","NA"
"261","extr F2D_03042014",NA,NA,NA,"0.1464","0.446","ext","03042014",2014-04-03,"F2","F","D","NA","NA"
"262","extr F2E_03042014",NA,NA,NA,"Sample absent","Sample absent","ext","03042014",2014-04-03,"F2","F","E","NA","NA"
"263","ext bnk 03042014",NA,NA,NA,"-0.0227","0.039","bnk","03042014",2014-04-03,"NA","NA","NA","NA","NA"
"264","ext bnk 03042014",NA,NA,NA,"Insufficient sample volume","0.037","bnk","03042014",2014-04-03,"NA","NA","NA","NA","NA"
"265","ext bnk 03042014",NA,NA,NA,"-0.0227","0.038","bnk","03042014",2014-04-03,"NA","NA","NA","NA","NA"
"266","ext M2A_","M2Ae (o M2ae)","these have no labels - just bad writing written on top",NA,"0.23095","0.233","ext","ext M2A_",NA,"M2","M","A","NA","NA"
"267","ext M2B_","M2Be (o M2be)","these have no labels - just bad writing written on top",NA,"0.1998","0.151","ext","ext M2B_",NA,"M2","M","B","NA","NA"
"268","ext M2C_","M2Ce (o M2ce)","these have no labels - just bad writing written on top",NA,"0.1019","0.167","ext","ext M2C_",NA,"M2","M","C","NA","NA"
"269","ext M2D_","M2De (o M2de)","these have no labels - just bad writing written on top",NA,"0.10635","1.522","ext","ext M2D_",NA,"M2","M","D","NA","NA"
"270","ext M2E_","M2Ee (o M2ee)","these have no labels - just bad writing written on top",NA,"0.1553","0.244","ext","ext M2E_",NA,"M2","M","E","NA","NA"
"271","ext F3A_","F3Ae (o F3ae)","these have no labels - just bad writing written on top",NA,"0.19535","Insufficient sample volume","ext","ext F3A_",NA,"F3","F","A","NA","NA"
"272","ext F3B_","F3Be (o F3be)","these have no labels - just bad writing written on top",NA,"0.182","0.029","ext","ext F3B_",NA,"F3","F","B","NA","NA"
"273","ext F3C_","F3Ce (o F3ce)","these have no labels - just bad writing written on top",NA,"-0.0227","0.65","ext","ext F3C_",NA,"F3","F","C","NA","NA"
"274","ext F3D_","F3De (o F3de)","these have no labels - just bad writing written on top",NA,"-0.0227","1.015","ext","ext F3D_",NA,"F3","F","D","NA","NA"
"275","ext F3E_","F3Ee (o F3ee)","these have no labels - just bad writing written on top","2 samples, same description","0.1731","1.371","ext","ext F3E_",NA,"F3","F","E","NA","NA"
NA,NA,NA,NA,NA,"-0.000450000000000002","1.022","-9999",NA,NA,"-9999","-9999","-9999","NA","NA"
"276","ext F1A_","F1Ae (o F1ae)","these have no labels - just bad writing written on top",NA,"0.13305","0.478","ext","ext F1A_",NA,"F1","F","A","NA","NA"
"277","ext F1B_","F1Be (o F1be)","these have no labels - just bad writing written on top",NA,"0.1731","0.2974766","ext","ext F1B_",NA,"F1","F","B","NA","NA"
"278","ext F1C_","F1Ce (o F1ce)","these have no labels - just bad writing written on top",NA,"0.1375","0.4921271","ext","ext F1C_",NA,"F1","F","C","NA","NA"
"279","ext F1D_","F1De (o F1de)","these have no labels - just bad writing written on top",NA,"0.14195","0.0830391","ext","ext F1D_",NA,"F1","F","D","NA","NA"
"280","ext F1E_","F1Ee (o F1ee)","these have no labels - just bad writing written on top",NA,"0.0841","0.3577024","ext","ext F1E_",NA,"F1","F","E","NA","NA"
"281","bnk I","bnk I","these have no labels - just bad writing written on top",NA,"-0.0227","0.0982624","bnk","bnk I",NA,"NA","NA","NA","NA","NA"
"282","bnk 2","bnk 2","these have no labels - just bad writing written on top",NA,"-0.0227","0.0785224","bnk","bnk 2",NA,"NA","NA","NA","NA","NA"
"283","bnk 3","bnk 3","these have no labels - just bad writing written on top",NA,"-0.0227","0.0762899","bnk","bnk 3",NA,"NA","NA","NA","NA","NA"
"284","incub M1A_29012014",NA,NA,NA,"Sample absent","Sample absent","inc","29012014",2014-01-29,"M1","M","A","NA","NA"
"285","incub M1B_29012014",NA,NA,NA,"Sample absent","Sample absent","inc","29012014",2014-01-29,"M1","M","B","NA","NA"
"286","incub M1C_29012014",NA,NA,NA,"Sample absent","Sample absent","inc","29012014",2014-01-29,"M1","M","C","NA","NA"
"287","incub M1D_29012014",NA,NA,NA,"Sample absent","Sample absent","inc","29012014",2014-01-29,"M1","M","D","NA","NA"
"288","incub M1E_29012014",NA,NA,NA,"Sample absent","Sample absent","inc","29012014",2014-01-29,"M1","M","E","NA","NA"
"289","incub F3A_29012014",NA,NA,NA,"Sample absent","Sample absent","inc","29012014",2014-01-29,"F3","F","A","NA","NA"
"290","incub F3B_29012014",NA,NA,NA,"Sample absent","Sample absent","inc","29012014",2014-01-29,"F3","F","B","NA","NA"
"291","incub F3C_29012014",NA,NA,NA,"Sample absent","Sample absent","inc","29012014",2014-01-29,"F3","F","C","NA","NA"
"292","incub F3D_29012014",NA,NA,NA,"Sample absent","Sample absent","inc","29012014",2014-01-29,"F3","F","D","NA","NA"
"293","incub F3E_29012014",NA,NA,NA,"Sample absent","Sample absent","inc","29012014",2014-01-29,"F3","F","E","NA","NA"
"294","incub M3A_30012014",NA,NA,NA,"Sample absent","Sample absent","inc","30012014",2014-01-30,"M3","M","A","NA","NA"
"295","incub M3B_30012014",NA,NA,NA,"Sample absent","Sample absent","inc","30012014",2014-01-30,"M3","M","B","NA","NA"
"296","incub M3C_30012014",NA,NA,NA,"Sample absent","Sample absent","inc","30012014",2014-01-30,"M3","M","C","NA","NA"
"297","incub M3D_30012014",NA,NA,NA,"Sample absent","Sample absent","inc","30012014",2014-01-30,"M3","M","D","NA","NA"
"298","incub M3E_30012014",NA,NA,NA,"Sample absent","Sample absent","inc","30012014",2014-01-30,"M3","M","E","NA","NA"
"299","incub S1A_30012014",NA,NA,NA,"Sample absent","Sample absent","inc","30012014",2014-01-30,"S1","S","A","NA","NA"
"300","incub S1B_30012014",NA,NA,NA,"Sample absent","Sample absent","inc","30012014",2014-01-30,"S1","S","B","NA","NA"
"301","incub S1C_30012014",NA,NA,NA,"Sample absent","Sample absent","inc","30012014",2014-01-30,"S1","S","C","NA","NA"
"302","incub S1D_30012014",NA,NA,NA,"Sample absent","Sample absent","inc","30012014",2014-01-30,"S1","S","D","NA","NA"
"303","incub S1E_30012014",NA,NA,NA,"Sample absent","Sample absent","inc","30012014",2014-01-30,"S1","S","E","NA","NA"
"304","incub F2A_05022014",NA,NA,NA,"1.04085","0.2715561","inc","05022014",2014-02-05,"F2","F","A","NA","NA"
"305","incub F2B_05022014",NA,NA,NA,"1.2055","0.374284","inc","05022014",2014-02-05,"F2","F","B","NA","NA"
"306","incub F2C_05022014",NA,NA,NA,"Sample absent","Sample absent","inc","05022014",2014-02-05,"F2","F","C","NA","NA"
"307","incub F2D_05022014",NA,NA,NA,"Sample absent","Sample absent","inc","05022014",2014-02-05,"F2","F","D","NA","NA"
"308","incub F2E_05022014",NA,NA,NA,"1.3568","0.26139","inc","05022014",2014-02-05,"F2","F","E","NA","NA"
"309","incub F1A_11022014",NA,NA,NA,"1.3034","0.6207661","inc","11022014",2014-02-11,"F1","F","A","NA","NA"
"310","incub F1B_11022014",NA,NA,NA,"0.7427","0.2840299","inc","11022014",2014-02-11,"F1","F","B","NA","NA"
"311","incub F1C_11022014",NA,NA,NA,"0.6893","0.2383224","inc","11022014",2014-02-11,"F1","F","C","NA","NA"
"312","incub F1D_11022014",NA,NA,NA,"1.0097","0.2401977","inc","11022014",2014-02-11,"F1","F","D","NA","NA"
"313","incub F1E_11022014",NA,NA,NA,"0.7783","0.2459975","inc","11022014",2014-02-11,"F1","F","E","NA","NA"
"314","incub M3A_11022014",NA,NA,NA,"0.7783","0.2158564","inc","11022014",2014-02-11,"M3","M","A","NA","NA"
"315","incub M3B_11022014",NA,NA,NA,"0.9029","0.1926525","inc","11022014",2014-02-11,"M3","M","B","NA","NA"
"316","incub M3C_11022014",NA,NA,NA,"0.8406","0.1773164","inc","11022014",2014-02-11,"M3","M","C","NA","NA"
"317","incub M3D_11022014",NA,NA,NA,"0.88065","0.2415701","inc","11022014",2014-02-11,"M3","M","D","NA","NA"
"318","incub M3E_11022014",NA,NA,NA,"1.20775","0.199867","inc","11022014",2014-02-11,"M3","M","E","NA","NA"
"319","incub M1A_11022014",NA,NA,NA,"0.35515","0.1570124","inc","11022014",2014-02-11,"M1","M","A","NA","NA"
"320","incub M1B_11022014",NA,NA,NA,"0.35515","0.1909276","inc","11022014",2014-02-11,"M1","M","B","NA","NA"
"321","incub M1C_11022014",NA,NA,NA,"0.36385","0.1785243","inc","11022014",2014-02-11,"M1","M","C","NA","NA"
"322","incub M1D_11022014",NA,NA,NA,"0.6379","0.2139388","inc","11022014",2014-02-11,"M1","M","D","NA","NA"
"323","incub M1E_11022014",NA,NA,NA,"Sample absent","Sample absent","inc","11022014",2014-02-11,"M1","M","E","NA","NA"
"324","incub S3A_12022014",NA,NA,NA,"0.66835","0.1847518","inc","12022014",2014-02-12,"S3","S","A","NA","NA"
"325","incub S3B_12022014",NA,NA,NA,"0.28555","0.162408","inc","12022014",2014-02-12,"S3","S","B","NA","NA"
"326","incub S3C_12022014",NA,NA,NA,"0.21595","0.1689974","inc","12022014",2014-02-12,"S3","S","C","NA","NA"
"327","incub S3D_12022014",NA,NA,NA,"0.60745","0.2131962","inc","12022014",2014-02-12,"S3","S","D","NA","NA"
"328","incub S3E_12022014",NA,NA,NA,"0.3247","0.1869044","inc","12022014",2014-02-12,"S3","S","E","NA","NA"
"329","incub F2A_12022014",NA,NA,NA,"0.57265","0.2137461","inc","12022014",2014-02-12,"F2","F","A","NA","NA"
"330","incub F2B_12022014",NA,NA,NA,"0.8206","0.1957827","inc","12022014",2014-02-12,"F2","F","B","NA","NA"
"331","incub F2C_12022014",NA,NA,NA,"1.0816","0.225576","inc","12022014",2014-02-12,"F2","F","C","NA","NA"
"332","incub F2D_12022014",NA,NA,NA,"0.6814","0.2261024","inc","12022014",2014-02-12,"F2","F","D","NA","NA"
"333","incub F2E_12022014",NA,NA,NA,"0.78145","0.2019115","inc","12022014",2014-02-12,"F2","F","E","NA","NA"
"334","incub S2A_12022014",NA,NA,NA,"0.06805","0.1411076","inc","12022014",2014-02-12,"S2","S","A","NA","NA"
"335","incub S2B_12022014",NA,NA,NA,"0.45955","0.1669388","inc","12022014",2014-02-12,"S2","S","B","NA","NA"
"336","incub S2C_12022014",NA,NA,NA,"0.4204","0.1483785","inc","12022014",2014-02-12,"S2","S","C","NA","NA"
"337","incub S2D_12022014",NA,NA,NA,"0.4117","0.1811516","inc","12022014",2014-02-12,"S2","S","D","NA","NA"
"338","incub S2E_12022014",NA,NA,NA,"0.2377","0.1521479","inc","12022014",2014-02-12,"S2","S","E","NA","NA"
"339","incub S3A_14022014",NA,NA,NA,"14.165","1.3337702","inc","14022014",2014-02-14,"S3","S","A","NA","NA"
"340","incub S3B_14022014",NA,NA,NA,"3.9423","0.5502849","inc","14022014",2014-02-14,"S3","S","B","NA","NA"
"341","incub S3C_14022014",NA,NA,NA,"1.3078","0.4987823","inc","14022014",2014-02-14,"S3","S","C","NA","NA"
"342","incub S3D_14022014",NA,NA,NA,"2.803","0.5335059","inc","14022014",2014-02-14,"S3","S","D","NA","NA"
"343","incub S3E_14022014",NA,NA,NA,"0.04195","0.2763783","inc","14022014",2014-02-14,"S3","S","E","NA","NA"
"344","incub M3A_14022014",NA,NA,"Same description, date 12/02/14","1.929","0.5138975","inc","14022014",2014-02-14,"M3","M","A","NA","NA"
"345","incub M3B_14022014",NA,NA,"Same description, date 12/02/14","1.5794","0.2737557","inc","14022014",2014-02-14,"M3","M","B","NA","NA"
"346","incub M3C_14022014",NA,NA,"Same description, date 12/02/14","0.5306","0.3544829","inc","14022014",2014-02-14,"M3","M","C","NA","NA"
"347","incub M3D_14022014",NA,NA,"Same description, date 12/02/14","1.0082","0.3199567","inc","14022014",2014-02-14,"M3","M","D","NA","NA"
"348","incub M3E_14022014",NA,NA,"Same description, date 12/02/14","0.9645","0.2969925","inc","14022014",2014-02-14,"M3","M","E","NA","NA"
"349","incub M3A_18022014",NA,NA,NA,"2.6688","0.1264718","inc","18022014",2014-02-18,"M3","M","A","NA","NA"
"350","incub M3B_18022014",NA,NA,NA,"1.5763","0.495591","inc","18022014",2014-02-18,"M3","M","B","NA","NA"
"351","incub M3C_18022014",NA,NA,NA,"1.7511","0.4410193","inc","18022014",2014-02-18,"M3","M","C","NA","NA"
"352","incub M3D_18022014",NA,NA,NA,"1.1393","0.4518293","inc","18022014",2014-02-18,"M3","M","D","NA","NA"
"353","incub M3E_18022014",NA,NA,NA,"1.7948","0.4510256","inc","18022014",2014-02-18,"M3","M","E","NA","NA"
"354","incub S3A_20022014",NA,NA,NA,"1.4015","0.4266326","inc","20022014",2014-02-20,"S3","S","A","NA","NA"
"355","incub S3B_20022014",NA,NA,NA,"1.62","0.6192856","inc","20022014",2014-02-20,"S3","S","B","NA","NA"
"356","incub S3C_20022014",NA,NA,NA,"1.8385","0.6323046","inc","20022014",2014-02-20,"S3","S","C","NA","NA"
"357","incub S3D_20022014",NA,NA,NA,"1.3141","0.4869806","inc","20022014",2014-02-20,"S3","S","D","NA","NA"
"358","incub S3E_20022014",NA,NA,NA,"1.457","0.4981854","inc","20022014",2014-02-20,"S3","S","E","NA","NA"
"359","incub F2A_20022014",NA,NA,NA,"0.911","0.4035086","inc","20022014",2014-02-20,"F2","F","A","NA","NA"
"360","incub F2B_20022014",NA,NA,NA,"1.205","0.4079313","inc","20022014",2014-02-20,"F2","F","B","NA","NA"
"361","incub F2C_20022014",NA,NA,NA,"1.289","0.4119216","inc","20022014",2014-02-20,"F2","F","C","NA","NA"
"362","incub F2D_20022014",NA,NA,NA,"0.911","0.4477826","inc","20022014",2014-02-20,"F2","F","D","NA","NA"
"363","incub F2E_20022014",NA,NA,NA,"1.919","0.4841465","inc","20022014",2014-02-20,"F2","F","E","NA","NA"
"364","incub M3A_21022014",NA,NA,NA,"Sample absent","Sample absent","inc","21022014",2014-02-21,"M3","M","A","NA","NA"
"365","incub M3B_21022014",NA,NA,NA,"Sample absent","Sample absent","inc","21022014",2014-02-21,"M3","M","B","NA","NA"
"366","incub M3C_21022014",NA,NA,NA,"Sample absent","Sample absent","inc","21022014",2014-02-21,"M3","M","C","NA","NA"
"367","incub M3D_21022014",NA,NA,NA,"Sample absent","Sample absent","inc","21022014",2014-02-21,"M3","M","D","NA","NA"
"368","incub M3E_21022014",NA,NA,NA,"Sample absent","Sample absent","inc","21022014",2014-02-21,"M3","M","E","NA","NA"
"369","incub S3A_24022014",NA,NA,NA,"1.415","0.371464","inc","24022014",2014-02-24,"S3","S","A","NA","NA"
"370","incub S3B_24022014",NA,NA,NA,"1.079","0.3837216","inc","24022014",2014-02-24,"S3","S","B","NA","NA"
"371","incub S3C_24022014",NA,NA,NA,"0.743","0.7505566","inc","24022014",2014-02-24,"S3","S","C","NA","NA"
"372","incub S3D_24022014",NA,NA,NA,"Insufficient sample volume","0.305476","inc","24022014",2014-02-24,"S3","S","D","NA","NA"
"373","incub S3E_24022014",NA,NA,NA,"0.743","0.3583933","inc","24022014",2014-02-24,"S3","S","E","NA","NA"
"374","incub M3A_25022014",NA,NA,NA,"0.995","0.3623507","inc","25022014",2014-02-25,"M3","M","A","NA","NA"
"375","incub M3B_25022014",NA,NA,NA,"0.575","0.2888991","inc","25022014",2014-02-25,"M3","M","B","NA","NA"
"376","incub M3C_25022014",NA,NA,NA,"0.659","0.5184659","inc","25022014",2014-02-25,"M3","M","C","NA","NA"
"377","incub M3D_25022014",NA,NA,NA,"1.667","0.4938238","inc","25022014",2014-02-25,"M3","M","D","NA","NA"
"378","incub M3E_25022014",NA,NA,NA,"0.575","0.2739343","inc","25022014",2014-02-25,"M3","M","E","NA","NA"
"379","incub F2A_25022014",NA,NA,NA,"1.163","0.2727076","inc","25022014",2014-02-25,"F2","F","A","NA","NA"
"380","incub F2B_25022014",NA,NA,NA,"0.911","0.3278057","inc","25022014",2014-02-25,"F2","F","B","NA","NA"
"381","incub F2C_25022014",NA,NA,"2 samples, same description","0.6601","0.2215387","inc","25022014",2014-02-25,"F2","F","C","NA","NA"
NA,NA,NA,NA,NA,"0.6601","0.2295872","-9999",NA,NA,"-9999","-9999","-9999","NA","NA"
"382","incub F2D_25022014",NA,NA,NA,"1.2537","0.2996616","inc","25022014",2014-02-25,"F2","F","D","NA","NA"
"383","incub F2E_25022014",NA,NA,NA,"0.9569","0.250166","inc","25022014",2014-02-25,"F2","F","E","NA","NA"
"384","incub M1A_06032014",NA,NA,NA,"2.38525","0.4990696","inc","06032014",2014-03-06,"M1","M","A","NA","NA"
"385","incub M1B_06032014",NA,NA,NA,"1.4763","0.323536","inc","06032014",2014-03-06,"M1","M","B","NA","NA"
"386","incub M1C_06032014",NA,NA,NA,"1.56905","0.4239264","inc","06032014",2014-03-06,"M1","M","C","NA","NA"
"387","incub M1D_06032014",NA,NA,NA,"3.0345","0.4210356","inc","06032014",2014-03-06,"M1","M","D","NA","NA"
"388","incub M1E_06032014",NA,NA,NA,"2.2183","0.448518","inc","06032014",2014-03-06,"M1","M","E","NA","NA"
"389","incub M2A_06032014",NA,NA,NA,"3.7023","0.2737016","inc","06032014",2014-03-06,"M2","M","A","NA","NA"
"390","incub M2B_06032014",NA,NA,NA,"4.7411","0.4273628","inc","06032014",2014-03-06,"M2","M","B","NA","NA"
"391","incub M2C_06032014",NA,NA,NA,"3.60955","0.2984692","inc","06032014",2014-03-06,"M2","M","C","NA","NA"
"392","incub M2D_06032014",NA,NA,NA,"4.4072","0.4202172","inc","06032014",2014-03-06,"M2","M","D","NA","NA"
"393","incub M2E_06032014",NA,NA,NA,"3.38695","0.4464412","inc","06032014",2014-03-06,"M2","M","E","NA","NA"
"394","incub F2A_06032014",NA,NA,NA,"1.6618","0.3194616","inc","06032014",2014-03-06,"F2","F","A","NA","NA"
"395","incub F2B_06032014",NA,NA,NA,"1.8473","0.54325","inc","06032014",2014-03-06,"F2","F","B","NA","NA"
"396","incub F2C_06032014",NA,NA,NA,"2.38525","0.4593376","inc","06032014",2014-03-06,"F2","F","C","NA","NA"
"397","incub F2D_06032014",NA,NA,NA,"1.5134","0.3195628","inc","06032014",2014-03-06,"F2","F","D","NA","NA"
"398","incub F2E_06032014",NA,NA,NA,"2.49655","0.6201092","inc","06032014",2014-03-06,"F2","F","E","NA","NA"
"399","incub S3A_06032014",NA,NA,NA,"11.969475","0.424076","inc","06032014",2014-03-06,"S3","S","A","NA","NA"
"400","incub S3B_06032014",NA,NA,NA,"3.133186","0.3844056","inc","06032014",2014-03-06,"S3","S","B","NA","NA"
"401","incub S3C_06032014",NA,NA,NA,"4.357486","0.4263156","inc","06032014",2014-03-06,"S3","S","C","NA","NA"
"402","incub S3D_06032014",NA,NA,NA,"2.5151","0.3667352","inc","06032014",2014-03-06,"S3","S","D","NA","NA"
"403","incub S3E_06032014",NA,NA,NA,"3.5168","0.3301096","inc","06032014",2014-03-06,"S3","S","E","NA","NA"
"404","incub S3A_07032014",NA,NA,NA,"3.46115","0.3827512","inc","07032014",2014-03-07,"S3","S","A","NA","NA"
"405","incub S3B_07032014",NA,NA,NA,"2.7377","0.4984976","inc","07032014",2014-03-07,"S3","S","B","NA","NA"
"406","incub S3C_07032014",NA,NA,NA,"4.35155","0.551698","inc","07032014",2014-03-07,"S3","S","C","NA","NA"
"407","incub S3D_07032014",NA,NA,NA,"5.61295","0.569716","inc","07032014",2014-03-07,"S3","S","D","NA","NA"
"408","incub S3E_07032014",NA,NA,NA,"3.4797","0.6237568","inc","07032014",2014-03-07,"S3","S","E","NA","NA"
"409","incub M2A_07032014",NA,NA,NA,"2.4038","0.3287984","inc","07032014",2014-03-07,"M2","M","A","NA","NA"
"410","incub M2B_07032014",NA,NA,NA,"2.9974","0.4109288","inc","07032014",2014-03-07,"M2","M","B","NA","NA"
"411","incub M2C_07032014",NA,NA,NA,"3.0716","0.2948216","inc","07032014",2014-03-07,"M2","M","C","NA","NA"
"412","incub M2D_07032014",NA,NA,NA,"3.98055","0.3645792","inc","07032014",2014-03-07,"M2","M","D","NA","NA"
"413","incub M2E_07032014",NA,NA,NA,"2.638643","0.3135788","inc","07032014",2014-03-07,"M2","M","E","NA","NA"
"414","incub S3A_18032014",NA,NA,NA,"1.38355","0.2893612","inc","18032014",2014-03-18,"S3","S","A","NA","NA"
"415","incub S3B_18032014",NA,NA,NA,"0.9198","0.2544164","inc","18032014",2014-03-18,"S3","S","B","NA","NA"
"416","incub S3C_18032014",NA,NA,NA,"1.9215","0.2670224","inc","18032014",2014-03-18,"S3","S","C","NA","NA"
"417","incub S3D_18032014",NA,NA,NA,"1.1053","0.2369572","inc","18032014",2014-03-18,"S3","S","D","NA","NA"
"418","incub S3E_18032014",NA,NA,NA,"0.8827","0.3160472","inc","18032014",2014-03-18,"S3","S","E","NA","NA"
"419","incub M2A_18032014",NA,NA,NA,"1.365","0.33095","inc","18032014",2014-03-18,"M2","M","A","NA","NA"
"420","incub M2B_18032014",NA,NA,NA,"1.16095","0.2454976","inc","18032014",2014-03-18,"M2","M","B","NA","NA"
"421","incub M2C_18032014",NA,NA,NA,"1.0682","0.2897396","inc","18032014",2014-03-18,"M2","M","C","NA","NA"
"422","incub M2D_18032014",NA,NA,NA,"0.8456","0.2487888","inc","18032014",2014-03-18,"M2","M","D","NA","NA"
"423","incub M2E_18032014",NA,NA,NA,"1.27225","0.3404408","inc","18032014",2014-03-18,"M2","M","E","NA","NA"
"424","incub M1A_20032014",NA,NA,NA,"Sample absent","Sample absent","inc","20032014",2014-03-20,"M1","M","A","NA","NA"
"425","incub M1B_20032014",NA,NA,NA,"Sample absent","Sample absent","inc","20032014",2014-03-20,"M1","M","B","NA","NA"
"426","incub M1C_20032014",NA,NA,NA,"Sample absent","Sample absent","inc","20032014",2014-03-20,"M1","M","C","NA","NA"
"427","incub M1D_20032014",NA,NA,NA,"Sample absent","Sample absent","inc","20032014",2014-03-20,"M1","M","D","NA","NA"
"428","incub M1E_20032014",NA,NA,NA,"Sample absent","Sample absent","inc","20032014",2014-03-20,"M1","M","E","NA","NA"
"429","incub F2A_20032014",NA,NA,NA,"Sample absent","Sample absent","inc","20032014",2014-03-20,"F2","F","A","NA","NA"
"430","incub F2B_20032014",NA,NA,NA,"Sample absent","Sample absent","inc","20032014",2014-03-20,"F2","F","B","NA","NA"
"431","incub F2C_20032014",NA,NA,NA,"Sample absent","Sample absent","inc","20032014",2014-03-20,"F2","F","C","NA","NA"
"432","incub F2D_20032014",NA,NA,NA,"1.27225","Insufficient sample volume","inc","20032014",2014-03-20,"F2","F","D","NA","NA"
"433","incub F2E_20032014",NA,NA,NA,"Sample absent","Sample absent","inc","20032014",2014-03-20,"F2","F","E","NA","NA"
"434","incub F1A_25032014",NA,"the label might have a small (24) in a circle - can't remember",NA,"1.12385","0.2545","inc","25032014",2014-03-25,"F1","F","A","24","NA"
"435","incub F1B_25032014",NA,"the label might have a small (24) in a circle - can't remember",NA,"1.42065","0.338782","inc","25032014",2014-03-25,"F1","F","B","24","NA"
"436","incub F1C_25032014",NA,"the label might have a small (24) in a circle - can't remember",NA,"0.7714","0.2256272","inc","25032014",2014-03-25,"F1","F","C","24","NA"
"437","incub F1D_25032014",NA,"the label might have a small (24) in a circle - can't remember",NA,"0.8456","0.2460696","inc","25032014",2014-03-25,"F1","F","D","24","NA"
"438","incub F1E_25032014",NA,"the label might have a small (24) in a circle - can't remember",NA,"Sample absent","Sample absent","inc","25032014",2014-03-25,"F1","F","E","24","NA"
"439","incub S2A_25032014",NA,"the label might have a small (24) in a circle - can't remember",NA,"0.4004","0.1524156","inc","25032014",2014-03-25,"S2","S","A","24","NA"
"440","incub S2B_25032014",NA,"the label might have a small (24) in a circle - can't remember",NA,"0.34475","0.2005296","inc","25032014",2014-03-25,"S2","S","B","24","NA"
"441","incub S2C_25032014",NA,"the label might have a small (24) in a circle - can't remember",NA,"0.4746","0.205242","inc","25032014",2014-03-25,"S2","S","C","24","NA"
"442","incub S2D_25032014",NA,"the label might have a small (24) in a circle - can't remember",NA,"0.45605","0.2198456","inc","25032014",2014-03-25,"S2","S","D","24","NA"
"443","incub S2E_25032014",NA,"the label might have a small (24) in a circle - can't remember",NA,"0.49315","0.2116748","inc","25032014",2014-03-25,"S2","S","E","24","NA"
"444","incub F148A_25032014",NA,"the label has a small (48) in a circle",NA,"0.969143","0.3922508","inc","25032014",2014-03-25,"F1","F","A","48","NA"
"445","incub F148B_25032014",NA,"the label has a small (48) in a circle",NA,"1.129786","0.5388676","inc","25032014",2014-03-25,"F1","F","B","48","NA"
"446","incub F148C_25032014",NA,"the label has a small (48) in a circle",NA,"0.7343","0.3176356","inc","25032014",2014-03-25,"F1","F","C","48","NA"
"447","incub F148D_25032014",NA,"the label has a small (48) in a circle",NA,"0.8085","0.385686","inc","25032014",2014-03-25,"F1","F","D","48","NA"
"448","incub F148E_25032014",NA,"the label has a small (48) in a circle",NA,"Sample absent","Sample absent","inc","25032014",2014-03-25,"F1","F","E","48","NA"
"449","incub S248A_25032014",NA,"the label has a small (48) in a circle",NA,"0.486843","0.3885504","inc","25032014",2014-03-25,"S2","S","A","48","NA"
"450","incub S248B_25032014",NA,"the label has a small (48) in a circle",NA,"0.3262","0.2978092","inc","25032014",2014-03-25,"S2","S","B","48","NA"
"451","incub S248C_25032014",NA,"the label has a small (48) in a circle",NA,"1.16895","0.2902896","inc","25032014",2014-03-25,"S2","S","C","48","NA"
"452","incub S248D_25032014",NA,"the label has a small (48) in a circle",NA,"1.16895","0.33348","inc","25032014",2014-03-25,"S2","S","D","48","NA"
"453","incub S248E_25032014",NA,"the label has a small (48) in a circle",NA,"1.2089","0.2997804","inc","25032014",2014-03-25,"S2","S","E","48","NA"
"454","incub S3A_26032014",NA,NA,NA,"0.68955","0.2362312","inc","26032014",2014-03-26,"S3","S","A","NA","NA"
"455","incub S3B_26032014",NA,NA,NA,"0.7295","0.2230136","inc","26032014",2014-03-26,"S3","S","B","NA","NA"
"456","incub S3C_26032014",NA,NA,NA,"1.0491","0.255446","inc","26032014",2014-03-26,"S3","S","C","NA","NA"
"457","incub S3D_26032014",NA,NA,NA,NA,"0.2432624","inc","26032014",2014-03-26,"S3","S","D","NA","NA"
"458","incub S3E_26032014",NA,NA,NA,"1.3687","0.2550808","inc","26032014",2014-03-26,"S3","S","E","NA","NA"
"459","incub S1A_26032014",NA,NA,NA,"0.29005","0.1887024","inc","26032014",2014-03-26,"S1","S","A","NA","NA"
"460","incub S1B_26032014",NA,NA,NA,"1.16895","0.2480408","inc","26032014",2014-03-26,"S1","S","B","NA","NA"
"461","incub S1C_26032014",NA,NA,NA,"1.3687","0.256106","inc","26032014",2014-03-26,"S1","S","C","NA","NA"
"462","incub S1D_26032014",NA,NA,NA,"1.6084","0.236988","inc","26032014",2014-03-26,"S1","S","D","NA","NA"
"463","incub S1E_26032014",NA,NA,NA,"0.8094","0.2433284","inc","26032014",2014-03-26,"S1","S","E","NA","NA"
"464","incub M1A_27032014",NA,NA,NA,"Sample absent","Sample absent","inc","27032014",2014-03-27,"M1","M","A","NA","NA"
"465","incub M1B_27032014",NA,NA,NA,"Sample absent","Sample absent","inc","27032014",2014-03-27,"M1","M","B","NA","NA"
"466","incub M1C_27032014",NA,NA,NA,"Sample absent","Sample absent","inc","27032014",2014-03-27,"M1","M","C","NA","NA"
"467","incub M1D_27032014",NA,NA,NA,"Sample absent","Sample absent","inc","27032014",2014-03-27,"M1","M","D","NA","NA"
"468","incub M1E_27032014",NA,NA,NA,"Sample absent","Sample absent","inc","27032014",2014-03-27,"M1","M","E","NA","NA"
"469","incub M2A_02042014",NA,NA,NA,"4.44485","0.2118728","inc","02042014",2014-04-02,"M2","M","A","NA","NA"
"470","incub M2B_02042014",NA,NA,NA,"8.20015","0.0964432","inc","02042014",2014-04-02,"M2","M","B","NA","NA"
"471","incub M2C_02042014",NA,NA,NA,"8.30085","0.2592212","inc","02042014",2014-04-02,"M2","M","C","NA","NA"
"472","incub M2D_02042014",NA,NA,NA,"Insufficient sample volume","0.557726","inc","02042014",2014-04-02,"M2","M","D","NA","NA"
"473","incub M2E_02042014",NA,NA,NA,"5.72325","0.2104428","inc","02042014",2014-04-02,"M2","M","E","NA","NA"
"474","incub M3A_02042014",NA,NA,NA,"0.52975","0.2629656","inc","02042014",2014-04-02,"M3","M","A","NA","NA"
"475","incub M3B_02042014",NA,NA,NA,"0.4898","0.1867312","inc","02042014",2014-04-02,"M3","M","B","NA","NA"
"476","incub M3C_02042014",NA,NA,NA,"0.6496","0.246756","inc","02042014",2014-04-02,"M3","M","C","NA","NA"
"477","incub M3D_02042014",NA,NA,NA,"0.6496","0.2353292","inc","02042014",2014-04-02,"M3","M","D","NA","NA"
"478","incub M3E_02042014",NA,NA,NA,"0.29005","0.25065","inc","02042014",2014-04-02,"M3","M","E","NA","NA"
"479","incub F3A_02042014",NA,NA,NA,"1.08905","0.213646","inc","02042014",2014-04-02,"F3","F","A","NA","NA"
"480","incub F3B_02042014",NA,NA,NA,"1.00915","0.2201668","inc","02042014",2014-04-02,"F3","F","B","NA","NA"
"481","incub F3C_02042014",NA,NA,NA,"1.24885","0.2197048","inc","02042014",2014-04-02,"F3","F","C","NA","NA"
"482","incub F3D_02042014",NA,NA,NA,"0.9692","0.2118464","inc","02042014",2014-04-02,"F3","F","D","NA","NA"
"483","incub F3E_02042014",NA,NA,NA,"Sample absent","Sample absent","inc","02042014",2014-04-02,"F3","F","E","NA","NA"
"484","incub F2A_03042014",NA,NA,NA,"0.84935","0.2479352","inc","03042014",2014-04-03,"F2","F","A","NA","NA"
"485","incub F2B_03042014",NA,NA,NA,"0.9692","0.2692928","inc","03042014",2014-04-03,"F2","F","B","NA","NA"
"486","incub F2C_03042014",NA,NA,NA,"0.8893","0.2459816","inc","03042014",2014-04-03,"F2","F","C","NA","NA"
"487","incub F2D_03042014",NA,NA,NA,"1.0491","0.2884416","inc","03042014",2014-04-03,"F2","F","D","NA","NA"
"488","incub F2E_03042014",NA,NA,NA,"Sample absent","Sample absent","inc","03042014",2014-04-03,"F2","F","E","NA","NA"
"489","bnk I 18-02-14",NA,"possible that there are some blanks that I forgot to write down and will be present in the sample boxes","bnk I 18-02-14","-0.469","0.106022","bnk","18-02-14",2014-02-18,"NA","NA","NA","NA","NA"
"490","bnk II 18-02-14",NA,"possible that there are some blanks that I forgot to write down and will be present in the sample boxes","bnk II 18-02-14","-0.469","0.1103648","bnk","18-02-14",2014-02-18,"NA","NA","NA","NA","NA"
"491","bnk III 18-02-14",NA,"possible that there are some blanks that I forgot to write down and will be present in the sample boxes","bnk III 18-02-14","-0.469","0.1079316","bnk","18-02-14",2014-02-18,"NA","NA","NA","NA","NA"
"492","bnk I 22-02-14",NA,"possible that there are some blanks that I forgot to write down and will be present in the sample boxes","bnk I 22-02-14","-0.469","0.0772416","bnk","22-02-14",2014-02-22,"NA","NA","NA","NA","NA"
"493","bnk II 22-02-14",NA,"possible that there are some blanks that I forgot to write down and will be present in the sample boxes","bnk II 22-02-14","-0.469","0.1057624","bnk","22-02-14",2014-02-22,"NA","NA","NA","NA","NA"
"494","bnk I 28-02-14",NA,"possible that there are some blanks that I forgot to write down and will be present in the sample boxes","bnk I 28-02-14","-0.469","0.115174","bnk","28-02-14",2014-02-28,"NA","NA","NA","NA","NA"
"495","bnk II 28-02-14",NA,"possible that there are some blanks that I forgot to write down and will be present in the sample boxes","bnk II 28-02-14","-0.26925","0.1123052","bnk","28-02-14",2014-02-28,"NA","NA","NA","NA","NA"
"496","bnk III 28-02-14",NA,"possible that there are some blanks that I forgot to write down and will be present in the sample boxes","bnk III 28-02-14","-0.469","0.1130664","bnk","28-02-14",2014-02-28,"NA","NA","NA","NA","NA"
"497","bnk I 05-03-14",NA,"possible that there are some blanks that I forgot to write down and will be present in the sample boxes","bnk I 05-03-14","-0.469","0.1158428","bnk","05-03-14",2014-03-05,"NA","NA","NA","NA","NA"
"498","bnk II 05-03-14",NA,"possible that there are some blanks that I forgot to write down and will be present in the sample boxes","bnk II 05-03-14","-0.469","0.1112668","bnk","05-03-14",2014-03-05,"NA","NA","NA","NA","NA"
"499","bnk II 05-03-14",NA,"possible that there are some blanks that I forgot to write down and will be present in the sample boxes","bnk II 05-03-14","-0.469","0.1254524","bnk","05-03-14",2014-03-05,"NA","NA","NA","NA","NA"
"500","bnk III 05-03-14",NA,"possible that there are some blanks that I forgot to write down and will be present in the sample boxes","bnk III 05-03-14","-0.469","0.115768","bnk","05-03-14",2014-03-05,"NA","NA","NA","NA","NA"
"501","bnk I 19-03-14",NA,"possible that there are some blanks that I forgot to write down and will be present in the sample boxes","bnk I 19-03-14","0.1297","0.141","bnk","19-03-14",2014-03-19,"NA","NA","NA","NA","NA"
"502","bnk II 19-03-14",NA,"possible that there are some blanks that I forgot to write down and will be present in the sample boxes","bnk II 19-03-14","0.09505","0.168","bnk","19-03-14",2014-03-19,"NA","NA","NA","NA","NA"
"503","bnk III 19-03-14",NA,"possible that there are some blanks that I forgot to write down and will be present in the sample boxes","bnk III 19-03-14","-0.0089","0.135","bnk","19-03-14",2014-03-19,"NA","NA","NA","NA","NA"
"504","bnk III 04-03-14",NA,"possible that there are some blanks that I forgot to write down and will be present in the sample boxes","bnk III 04-03-14","-0.0089","0.112","bnk","04-03-14",2014-03-04,"NA","NA","NA","NA","NA"
"505","48   bnk I 25-03-14",NA,"possible that there are some blanks that I forgot to write down and will be present in the sample boxes","48   bnk I 25-03-14","Sample absent","Sample absent","bnk","25-03-14",2014-03-25,"NA","NA","NA","NA","NA"
"506","48   bnk II 25-03-14",NA,"possible that there are some blanks that I forgot to write down and will be present in the sample boxes","48   bnk II 25-03-14","Sample absent","Sample absent","bnk","25-03-14",2014-03-25,"NA","NA","NA","NA","NA"
"507","48   bnk III 25-03-14",NA,"possible that there are some blanks that I forgot to write down and will be present in the sample boxes","48   bnk III 25-03-14","Sample absent","Sample absent","bnk","25-03-14",2014-03-25,"NA","NA","NA","NA","NA"
"508","bnk I 07-04-14",NA,"possible that there are some blanks that I forgot to write down and will be present in the sample boxes","bnk I 07-04-14","-0.0089","0.103","bnk","07-04-14",2014-04-07,"NA","NA","NA","NA","NA"
"509","bnk II 07-04-14",NA,NA,"bnk II 07-04-14","-0.0089","0.11","bnk","07-04-14",2014-04-07,"NA","NA","NA","NA","NA"
"510","bnk III 07-04-14",NA,NA,"bnk III 07-04-14","-0.0089","0.108","bnk","07-04-14",2014-04-07,"NA","NA","NA","NA","NA"
"511","bnk?",NA,NA,NA,"Sample absent","Sample absent","bnk","bnk?",NA,"NA","NA","NA","NA","NA"
"512","bnk?",NA,NA,NA,"Sample absent","Sample absent","bnk","bnk?",NA,"NA","NA","NA","NA","NA"
"513","bnk?",NA,NA,NA,"Sample absent","Sample absent","bnk","bnk?",NA,"NA","NA","NA","NA","NA"
"514","bnk?",NA,NA,NA,"Sample absent","Sample absent","bnk","bnk?",NA,"NA","NA","NA","NA","NA"
"515","bnk?",NA,NA,NA,"Sample absent","Sample absent","bnk","bnk?",NA,"NA","NA","NA","NA","NA"
"516","bnk?",NA,NA,NA,"Sample absent","Sample absent","bnk","bnk?",NA,"NA","NA","NA","NA","NA"
"517","bnk?",NA,NA,NA,"Sample absent","Sample absent","bnk","bnk?",NA,"NA","NA","NA","NA","NA"
"518","bnk?",NA,NA,NA,"Sample absent","Sample absent","bnk","bnk?",NA,"NA","NA","NA","NA","NA"
"519","bnk?",NA,NA,NA,"Sample absent","Sample absent","bnk","bnk?",NA,"NA","NA","NA","NA","NA"
"520","bnk?",NA,NA,NA,"Sample absent","Sample absent","bnk","bnk?",NA,"NA","NA","NA","NA","NA"
"521","bnk?",NA,NA,NA,"Sample absent","Sample absent","bnk","bnk?",NA,"NA","NA","NA","NA","NA"
"522","bnk?",NA,NA,NA,"Sample absent","Sample absent","bnk","bnk?",NA,"NA","NA","NA","NA","NA"
"523","bnk?",NA,NA,NA,"Sample absent","Sample absent","bnk","bnk?",NA,"NA","NA","NA","NA","NA"
"524","bnk?",NA,NA,NA,"Sample absent","Sample absent","bnk","bnk?",NA,"NA","NA","NA","NA","NA"
"525","bnk?",NA,NA,NA,"Sample absent","Sample absent","bnk","bnk?",NA,"NA","NA","NA","NA","NA"
"526","bnk?",NA,NA,NA,"Sample absent","Sample absent","bnk","bnk?",NA,"NA","NA","NA","NA","NA"
"527","bnk?",NA,NA,NA,"Sample absent","Sample absent","bnk","bnk?",NA,"NA","NA","NA","NA","NA"
"528","inc M2A_06-02-14",NA,"Not mentioned inthe provided list",NA,"0.6841","0.192","inc","06-02-14",2014-02-06,"M2","M","A","NA","NA"
"529","inc M2B_06-02-14",NA,"Not mentioned inthe provided list",NA,"0.7534","0.206","inc","06-02-14",2014-02-06,"M2","M","B","NA","NA"
"530","inc M2C_06-02-14",NA,"Not mentioned inthe provided list",NA,"0.7534","0.236","inc","06-02-14",2014-02-06,"M2","M","C","NA","NA"
"531","inc M2D_ 06-02-14",NA,"Not mentioned inthe provided list",NA,"0.7534","0.21","inc","06-02-14",2014-02-06,"M2","M","D","NA","NA"
"532","inc M2E_06-02-14",NA,"Not mentioned inthe provided list",NA,"0.85735","0.213","inc","06-02-14",2014-02-06,"M2","M","E","NA","NA"
"533","inc F1A_06-02-14",NA,"Not mentioned inthe provided list",NA,"1.2385","0.258","inc","06-02-14",2014-02-06,"F1","F","A","NA","NA"
"534","inc  F1B_06-02-14",NA,"Not mentioned inthe provided list",NA,"1.399969","0.214","inc","06-02-14",2014-02-06,"F1","F","B","NA","NA"
"535","inc F1C_06-02-14",NA,"Not mentioned inthe provided list",NA,"1.3771","0.227","inc","06-02-14",2014-02-06,"F1","F","C","NA","NA"
"536","inc F1D_06-02-14",NA,"Not mentioned inthe provided list",NA,"2.0701","0.279","inc","06-02-14",2014-02-06,"F1","F","D","NA","NA"
"537","inc F1E_06-02-14",NA,"Not mentioned inthe provided list",NA,"1.34245","0.238","inc","06-02-14",2014-02-06,"F1","F","E","NA","NA"
"538","inc SA_06-02-14",NA,"Not mentioned inthe provided list",NA,"0.71875","0.207","inc","06-02-14",2014-02-06,"-9999","S","A","NA","NA"
"539","inc SB_06-02-14",NA,"Not mentioned inthe provided list",NA,"1.585","0.264","inc","06-02-14",2014-02-06,"-9999","S","B","NA","NA"
"540","inc SC_06-02-14",NA,"Not mentioned inthe provided list",NA,"1.3078","0.18","inc","06-02-14",2014-02-06,"-9999","S","C","NA","NA"
"541","inc S2_06-02-14",NA,"Not mentioned inthe provided list",NA,"1.20385","0.184","inc","06-02-14",2014-02-06,"S2","S","-9999","NA","NA"
"542","inc SE_06-02-14",NA,"Not mentioned inthe provided list",NA,"0.6841","0.164","inc","06-02-14",2014-02-06,"-9999","S","E","NA","NA"
"543","inc M1A_07-02-14",NA,"Not mentioned inthe provided list",NA,"1.0306","0.431","inc","07-02-14",2014-02-07,"M1","M","A","NA","NA"
"544","inc M1B_07-02-14",NA,"Not mentioned inthe provided list",NA,"1.0999","0.372","inc","07-02-14",2014-02-07,"M1","M","B","NA","NA"
"545","inc M1C_07-02-14",NA,"Not mentioned inthe provided list",NA,"1.5157","0.44","inc","07-02-14",2014-02-07,"M1","M","C","NA","NA"
"546","inc M1D_07-02-14",NA,"Not mentioned inthe provided list",NA,"2.278","0.511","inc","07-02-14",2014-02-07,"M1","M","D","NA","NA"
"547","inc M1E_07-02-14",NA,"Not mentioned inthe provided list",NA,"1.399969","0.344","inc","07-02-14",2014-02-07,"M1","M","E","NA","NA"
"548","inc F3A_07-02-14",NA,"Not mentioned inthe provided list",NA,"1.5157","0.381","inc","07-02-14",2014-02-07,"F3","F","A","NA","NA"
"549","inc F3B_07-02-14",NA,"Not mentioned inthe provided list",NA,"0.7534","0.31","inc","07-02-14",2014-02-07,"F3","F","B","NA","NA"
"550","inc F3C_07-02-14",NA,"Not mentioned inthe provided list",NA,"Insufficient sample volume","0.954","inc","07-02-14",2014-02-07,"F3","F","C","NA","NA"
"551","inc F3D_07-02-14",NA,"Not mentioned inthe provided list",NA,"4.6695","0.317","inc","07-02-14",2014-02-07,"F3","F","D","NA","NA"
"552","inc F3E_07-02-14",NA,"Not mentioned inthe provided list",NA,"1.8328","0.285","inc","07-02-14",2014-02-07,"F3","F","E","NA","NA"
"553","ext F2A_07-02-14",NA,"Not mentioned inthe provided list",NA,"-0.132","0.491","ext","07-02-14",2014-02-07,"F2","F","A","NA","NA"
"554","ext F2B_07-02-14",NA,"Not mentioned inthe provided list",NA,"-0.132","0.575","ext","07-02-14",2014-02-07,"F2","F","B","NA","NA"
"555","ext F2C_07-02-14",NA,"Not mentioned inthe provided list","2 samples, same description","0.287362","0.58","ext","07-02-14",2014-02-07,"F2","F","C","NA","NA"
NA,NA,NA,NA,NA,"-0.05525","0.122","-9999",NA,NA,"-9999","-9999","-9999","NA","NA"
"556","ext F2D_07-02-14",NA,"Not mentioned inthe provided list","2 samples, same description","-0.05525","0.985","ext","07-02-14",2014-02-07,"F2","F","D","NA","NA"
NA,NA,NA,NA,NA,"-0.0706","0.126","-9999",NA,NA,"-9999","-9999","-9999","NA","NA"
"557","ext F2E_07-02-14",NA,"Not mentioned inthe provided list","2 samples, same description","-0.132","0.667","ext","07-02-14",2014-02-07,"F2","F","E","NA","NA"
NA,NA,NA,NA,NA,"-0.132","0.111","-9999",NA,NA,"-9999","-9999","-9999","NA","NA"
"558","bnk N1 07-02-14",NA,"Not mentioned inthe provided list",NA,"-0.132","0.106","bnk","07-02-14",2014-02-07,"NA","NA","NA","NA","NA"
"559","bnk N2 07-02-14",NA,"Not mentioned inthe provided list",NA,"-0.132","0.138","bnk","07-02-14",2014-02-07,"NA","NA","NA","NA","NA"
"560","bnk N3 307-02-14",NA,"Not mentioned inthe provided list",NA,"-0.132","0.106","bnk","07-02-14",2014-02-07,"NA","NA","NA","NA","NA"
